1;124;bjvnbvz;14.12.2019;;;;
2;109;vdfjljl;15.12.2019;;;;
3;135;fjhds;16.12.2019;;;;
4;114;jpsdjlka;17.12.2019;;;;
5;112;su;18.12.2019;;;;
6;136;dnjk;19.12.2019;;;;
7;125;jkkjdn;20.12.2019;;;;
8;111;jkd;21.12.2019;;;;
9;133;njlvdz;22.12.2019;;;;
10;113;jolvadf;23.12.2019;;;;
11;114;njvdsa;24.12.2019;;;;
12;105;josa;25.12.2019;;;;
13;105;njovdanjlkz;26.12.2019;;;;
14;135;njjdszkla;27.12.2019;;;;
15;121;jjiap9a\;28.12.2019;;;;
16;135;njsahuo3;29.12.2019;;;;
17;128;njklsahjlk8;30.12.2019;;;;
18;108;"njkfaj;/";31.12.2019;;;;
19;139;njkvaj;01.01.2020;;;;
20;135;"gdUIHF;";22.04.2020;;;;
21;121;hjfk;23.04.2020;;;;
22;108;JDF;04.01.2020;;;;
23;114;IFOP;05.01.2020;;;;
24;122;njeki;06.01.2020;;;;
25;125;njdfzn;07.01.2020;;;;
26;120;njlfndsji;08.01.2020;;;;
27;140;njordjfil;09.01.2020;;;;
28;112;njpiAP;10.01.2020;;;;
29;109;NNIAII\;11.01.2020;;;;
30;107;japjhiupa;12.01.2020;;;;
31;118;ifuowpj;13.01.2020;;;;
32;132;jgiei\;14.01.2020;;;;
33;124;njdfagra;15.01.2020;;;;
34;105;njofdnzj-;16.01.2020;;;;
35;137;gmjdi;17.01.2020;;;;
36;131;hjofadhj;18.01.2020;;;;
37;126;hjodhjkl;19.01.2020;;;;
38;102;"j[pa;hjkb";20.01.2020;;;;
39;140;"jl;;;luehguip";21.01.2020;;;;
40;118;jhiouhf0;22.01.2020;;;;
41;120;nhkjfdhua;23.01.2020;;;;
42;104;oisout;24.01.2020;;;;
43;107;hjfsah;25.01.2020;;;;
44;120;jahiu;26.01.2020;;;;
45;113;itnruikwe;27.01.2020;;;;
46;110;fiikjj;28.01.2020;;;;
47;128;hdbhsu;29.01.2020;;;;
48;103;jkdliue;30.01.2020;;;;
49;116;ieokjhi;31.01.2020;;;;
50;129;"jkefo;jdi";01.02.2020;;;;
51;105;jhfiehuio;02.02.2020;;;;
52;121;"hjfh;ea";03.02.2020;;;;
53;138;jkdjye;04.02.2020;;;;
54;128;iopatjgk;05.02.2020;;;;
55;127;bhjdoshui;06.02.2020;;;;
56;135;bvhjksaduhu;07.02.2020;;;;
57;115;nhojdhfui;08.02.2020;;;;
58;130;piTHEJFN;09.02.2020;;;;
59;133;huioajks;10.02.2020;;;;
60;132;nkofj;11.02.2020;;;;
61;123;njafdkji;12.02.2020;;;;
62;133;"jkfdajfv;ngr";13.02.2020;;;;
63;115;jkfpjpui;14.02.2020;;;;
64;106;juoieuahky;15.02.2020;;;;
65;131;"njogfhuh;gr";24.02.2020;;;;
66;102;huiprghiaphur;25.02.2020;;;;
67;118;hug;26.02.2020;;;;
68;113;hugodhui;27.02.2020;;;;
69;111;jirijh;28.02.2020;;;;
70;139;ioifjgiirk;29.02.2020;;;;
71;115;jgiupa;01.03.2020;;;;
72;109;jiehuth;23.02.2020;;;;
73;136;hruaoghur;24.02.2020;;;;
74;101;jfohsyUE;25.02.2020;;;;
75;102;JURIOHUTG;26.02.2020;;;;
76;132;hugavgy;27.02.2020;;;;
77;137;hyfkkdik;28.02.2020;;;;
78;131;hyfjfjjf;29.02.2020;;;;
79;127;jeoekjjf;01.03.2020;;;;
80;125;fesuah;02.03.2020;;;;
81;121;rjfuieahu;03.03.2020;;;;
82;137;jugfodihguve;04.03.2020;;;;
83;120;jgufoaidhg;05.03.2020;;;;
84;107;jfiosdhgu;06.03.2020;;;;
85;114;grue;07.03.2020;;;;
86;129;nhjeiknjr;08.03.2020;;;;
87;137;hjdijhklre;09.03.2020;;;;
88;127;huidahgduo;10.03.2020;;;;
89;108;huofdihg;11.03.2020;;;;
90;113;oo9juuu;12.03.2020;;;;
91;122;jjfjjf;13.03.2020;;;;
92;122;kkkkkd;14.03.2020;;;;
93;136;kiikkd;15.03.2020;;;;
94;129;kkkkkdkkd;16.03.2020;;;;
95;128;dkkdkdkd;17.03.2020;;;;
96;110;kdkdkkd;18.03.2020;;;;
97;121;jdjduhdj;19.03.2020;;;;
98;102;kdiwnju;20.03.2020;;;;
99;139;ifijfh;21.03.2020;;;;
100;105;idkdkkd;22.03.2020;;;;
101;129;oijntgju;23.03.2020;;;;
102;117;hjhjgytt;24.03.2020;;;;
103;137;hyyyii;25.03.2020;;;;
104;121;huigyitftyg;26.03.2020;;;;
105;127;hjhu7;27.03.2020;;;;
106;138;hjhkku;28.03.2020;;;;
107;134;juuuioo;29.03.2020;;;;
108;103;hgry;30.03.2020;;;;
109;109;gtghui;31.03.2020;;;;
110;128;uuuhhgt;01.04.2020;;;;
111;112;uuuup;02.04.2020;;;;
112;129;juuyyyyhb;03.04.2020;;;;
113;132;hgfgfggg;04.04.2020;;;;
114;138;huiiiig;05.04.2020;;;;
115;123;jiiiokjuy;06.04.2020;;;;
116;102;hggjkuhui;07.04.2020;;;;
117;129;huytyhhhh;08.04.2020;;;;
118;106;hjjgyhb;09.04.2020;;;;
119;111;hugyrrrr;10.04.2020;;;;
120;140;oiiuujhyt;31.03.2020;;;;
121;121;uuujiuyyh\;01.04.2020;;;;
122;112;fjgjjgjgjgj;02.04.2020;;;;
123;109;sksiuhg;03.04.2020;;;;
124;128;hvhjzhfof;04.04.2020;;;;
125;138;hjdoiyaur;05.04.2020;;;;
126;111;hjdiasgtybru;06.04.2020;;;;
127;120;nghjruhgu4e;07.04.2020;;;;
128;119;yyhhhr;08.04.2020;;;;
129;110;jruujryy;09.04.2020;;;;
130;138;uduhedu;10.04.2020;;;;
131;125;jurfuieio;22.04.2020;;;;
132;122;ir8jruujj;23.04.2020;;;;
133;106;skskjjjj;24.04.2020;;;;
134;122;jklkjhugh;25.04.2020;;;;
