101;135;Dicta ipsam ut minima ipsa. Non dolor omnis ut in. Voluptas et ducimus dolorum in et quasi. Vitae et minima qui labore.;88;25.06.2013;13.11.2014
102;126;Consectetur ad vel velit consequatur aut non quisquam et. Et facilis molestiae voluptas ex velit dolorem. Eos numquam commodi molestiae quam a consequatur est.;57;05.03.2012;05.09.2014
103;132;Id ab nisi hic praesentium. Sed distinctio autem est aut quis officiis omnis. Consequuntur assumenda similique reprehenderit atque itaque fugit culpa dolor. Enim aut rerum ex deserunt.;44;05.08.2011;06.08.2015
104;107;Illo consequatur possimus pariatur maiores adipisci autem. Aut fuga quam aperiam facere. Voluptatem quaerat dolor iusto vero.;91;04.12.2011;01.11.2020
105;136;Et debitis quia non quia corrupti atque. Rem et doloremque voluptate possimus. Illum autem ea animi maiores dolore excepturi laborum.;71;05.11.2014;15.02.2018
106;141;Labore non quo sit odio. Est iste delectus non non. Voluptatem corrupti consequuntur ut amet optio nemo qui. Fugit accusantium sunt qui provident autem nihil aut.;120;15.10.2014;22.08.2015
107;111;Et est odio culpa quos adipisci consequatur ut. Porro a et officiis et modi dolorem ut. Ea et et eveniet adipisci unde.;44;13.08.2016;22.01.2017
108;114;Aperiam libero autem adipisci ex. Perspiciatis veritatis mollitia maiores eveniet ab. Quae occaecati quia ducimus.;81;28.10.2018;28.10.2018
109;105;Ex et sed inventore est. Facere tempora molestiae voluptatem a omnis rem laborum. Facilis natus voluptas debitis eaque consequatur maxime.;130;01.09.2012;06.01.2016
110;115;Sunt ut odit suscipit velit iure blanditiis corrupti. Vero dolorem beatae fugiat. Odit consequatur fugiat velit atque numquam quas. Necessitatibus beatae adipisci consequatur in.;58;05.09.2015;03.12.2015
111;127;Aut itaque impedit expedita qui rem maiores. Dolor et iure voluptate et quisquam. Et at explicabo rem velit unde debitis. Beatae eum ad nihil quia eos occaecati.;84;19.07.2014;24.04.2016
112;141;Nemo quam qui quis natus earum architecto animi quidem. Voluptatibus qui ut impedit magni aut. Quas quia assumenda repellat fuga occaecati dignissimos. Vel et ipsum non recusandae illum voluptas.;101;13.08.2011;28.04.2014
113;135;Eveniet et et sit omnis nam et voluptatum. Dolor est non vitae rerum. Nihil unde facere vero in velit. Quasi qui id rem est assumenda.;52;11.09.2012;10.02.2013
114;104;Hic aut impedit deleniti et facilis eligendi id. Assumenda praesentium sunt ut. Voluptates ab esse ipsum nobis.;86;27.08.2018;03.03.2019
115;113;Laudantium qui non et iste doloremque placeat. Repellendus modi sit temporibus occaecati sunt cum et. Et maxime consequatur vero reprehenderit iusto corrupti voluptatem.;58;16.03.2013;07.10.2017
116;102;Cum vitae nihil ad. Vel optio quo voluptas qui aut distinctio maiores. Assumenda dolorem sed porro fugiat assumenda vitae dolor doloribus. Est dicta repellat quos error ut.;31;18.07.2012;24.09.2019
117;132;Atque et aut iure ullam quis esse. Voluptates aperiam amet adipisci voluptas enim officia. Excepturi incidunt autem molestias aperiam perferendis dignissimos labore.;61;17.02.2018;02.07.2020
118;108;Quod beatae et id ratione. Eos et nihil eaque laborum.;77;13.09.2012;28.12.2014
119;105;Rerum ut nam laborum quam. Eveniet reiciendis amet fugit qui fuga. Ea amet et in tempore debitis ea est.;89;08.11.2015;01.06.2017
120;116;Consequuntur voluptatibus aliquid assumenda ipsa eligendi dolores deserunt. Rerum nihil architecto doloremque.;99;12.09.2011;06.03.2019
121;145;Sed non odio iure qui molestiae enim. Reprehenderit voluptatem similique est in. Ea dolore velit eum qui assumenda non odit. Asperiores dolorum tempore aut pariatur et accusantium ratione.;38;08.01.2016;09.06.2019
122;147;Quae provident ea mollitia quia. Aut rerum perferendis est est. Vitae reiciendis deleniti deserunt dolore beatae recusandae delectus. Sunt sit neque dolor velit illum.;124;07.06.2015;13.10.2016
123;105;Explicabo quidem est omnis rem. Eos nulla eos recusandae vitae illo. Rem perferendis voluptatum aut eos autem ducimus.;24;03.08.2015;01.11.2015
124;145;Sapiente vero qui pariatur illum qui aut et id. Aut placeat provident magni sint. Natus expedita iure et ut est at.;123;07.06.2013;06.07.2019
125;102;Est accusamus cupiditate sunt sunt accusantium. In nihil id itaque sunt placeat officia perferendis. Et quia et placeat rerum enim. Tempora esse maiores distinctio.;51;13.09.2012;09.02.2014
126;123;Et est occaecati tempore rem in. Vel illo iure est aut. Dolor aut molestiae sed quae.;40;28.01.2011;22.10.2016
127;103;Est ipsa aut sit ratione ut corrupti et qui. Et ea et est. Eum aperiam accusantium beatae iure et non.;2;09.03.2014;23.10.2015
128;136;Ut voluptas odio excepturi. Rerum corrupti cupiditate voluptatem est sunt. Aut velit ab nihil harum quaerat cupiditate.;111;28.03.2020;10.07.2020
129;117;Sed odit occaecati iste nemo rem reprehenderit. Nihil dicta molestiae nobis alias odit labore autem. Magni voluptatum inventore recusandae est aut.;98;24.09.2011;31.08.2015
130;111;Aut eum cumque accusamus mollitia. Nisi fugit omnis totam id quo at veniam. Alias neque perspiciatis id tempora dolore enim.;31;18.03.2011;31.07.2017
131;140;Esse magnam commodi officiis. Id aliquid est hic vel enim voluptatibus eveniet sit. Accusamus itaque totam eligendi dicta non neque velit dolorem.;78;24.12.2016;15.10.2018
132;134;Necessitatibus vitae sint non voluptate maiores. Id sit sit exercitationem aut quae. Eos praesentium nihil nihil. Necessitatibus id aut aut sed quia omnis.;98;10.02.2011;21.04.2014
133;106;Magni aut voluptates a aut et et in. Voluptatem rerum asperiores rerum aliquid repudiandae. Dolores ducimus excepturi minima aliquid omnis est sint. Rem voluptas et eum.;31;17.08.2015;28.06.2017
134;117;Quidem quia cum voluptatem. Deserunt impedit illum itaque. Doloremque aliquid veritatis sit veniam consectetur aut dolorum.;22;25.06.2012;01.05.2020
135;122;Voluptas maxime non corrupti minus ex. Sit laborum odit maiores libero totam molestiae non. Rerum quo totam sit perferendis sint eum error.;132;14.10.2011;22.10.2020
136;139;Rerum quibusdam qui voluptatum quidem. Laboriosam totam quisquam consequatur voluptas.;55;05.02.2015;21.10.2020
137;109;Sunt velit dolor perspiciatis minus. Sunt quibusdam dolores eaque hic voluptas consequatur.;84;27.02.2011;18.08.2014
138;133;Id voluptatem vero illo sed nihil modi accusamus. Numquam rerum ut tempore quia. Alias voluptas aut beatae sit.;67;20.05.2011;09.09.2016
139;116;Nesciunt laudantium omnis quia omnis aut exercitationem tempore dolore. Aut nulla provident ipsam id. Illum sit ipsum ut.;80;25.01.2017;30.11.2019
140;111;Placeat architecto culpa non recusandae maxime laudantium. Qui minus autem sed voluptatem officiis. Sit quia quis dolores porro nostrum. Commodi et harum debitis perferendis repellat velit.;69;19.09.2016;01.10.2016
141;122;Hic atque dolores eum alias nesciunt non. A ducimus quos aspernatur et et amet et. In velit officia eum tenetur tempora hic amet numquam.;101;30.04.2014;23.01.2016
142;126;Blanditiis asperiores consequatur quod eaque ut totam aut. Sunt explicabo nam quos rem quia. Autem dolorem voluptas iste repellendus numquam quaerat.;57;25.06.2011;04.03.2019
143;127;Sit sit ipsam aut corrupti aliquam quaerat. Voluptatibus ut repellat dolores delectus ut non dolore. Quaerat doloribus ad qui.;20;27.04.2018;30.12.2018
144;145;Labore ut molestiae eius tempore aut. Nesciunt ab ab repellendus veniam atque incidunt. Quaerat magnam non cum et quo sequi ut. Esse aliquid in ea velit et.;26;04.02.2013;26.11.2017
145;135;Sapiente qui quo at et quia. Non et molestiae sint.;21;14.05.2011;02.10.2019
146;139;Itaque voluptatum possimus necessitatibus quia aut. Fugit ea deserunt ipsam incidunt et rem. Iusto maiores iusto nesciunt quod quia magnam ea.;129;05.08.2017;14.12.2020
147;131;Voluptates dolores facilis nam asperiores possimus voluptatem. Porro voluptas sit ut sed illo dolorem impedit minima. Beatae enim natus nam repellat.;43;03.04.2014;28.03.2019
148;141;Quibusdam eum maxime libero quisquam mollitia. Omnis doloremque quo omnis officia possimus. Deserunt repellendus sapiente sit in placeat.;125;23.12.2011;11.02.2016
