101;M;11.07.1982;1;Quia omnis modi pariatur verit;Thadfurt;Western Sahara;04.11.2014 7:23;21.10.2018 7:00;;;;;;;;;;;;
102;F;10.07.1968;2;Illo debitis eum quo placeat. ;Metzport;Kenya;11.02.2015 7:55;10.12.2020 13:19;;;;;;;;;;;;
103;F;07.04.1945;3;Explicabo maiores eaque deleni;Ephraimside;Cocos (Keeling) Islands;23.08.2015 17:07;13.09.2018 4:26;;;;;;;;;;;;
104;F;07.02.1956;4;Labore corrupti impedit sunt q;Keelington;Spain;08.03.2013 23:54;13.06.2017 7:40;;;;;;;;;;;;
105;M;29.08.1936;5;Fuga omnis autem a fugit volup;Josemouth;Nigeria;28.07.2019 8:20;03.08.2020 0:22;;;;;;;;;;;;
106;M;29.08.1982;6;Aut accusamus nam quas dolorum;West Darionfurt;Ecuador;09.01.2020 1:07;13.10.2020 21:10;;;;;;;;;;;;
107;F;17.02.2001;7;Nesciunt ab qui possimus sit d;Romagueraborough;Yemen;16.01.2013 8:41;20.02.2014 3:01;;;;;;;;;;;;
108;F;03.12.1946;8;Ut et aut odit ut iure. Illum ;Jeraldfort;Bahrain;27.04.2012 12:28;18.09.2020 3:14;;;;;;;;;;;;
109;F;28.04.1950;9;Autem voluptatum vel beatae qu;Alejandraberg;Georgia;11.07.2017 21:31;23.09.2020 9:40;;;;;;;;;;;;
110;M;04.07.1936;10;Dolore dicta incidunt assumend;Jamesonmouth;Oman;15.08.2018 18:37;23.02.2020 21:04;;;;;;;;;;;;
111;M;18.03.2013;11;Molestiae amet at rerum autem.;West Sadieburgh;Peru;03.11.2020 4:47;24.11.2020 4:35;;;;;;;;;;;;
112;M;21.07.2005;12;Id voluptatem consectetur et. ;Bodestad;French Southern Territories;29.01.2016 12:21;23.07.2016 18:07;;;;;;;;;;;;
113;F;27.12.1972;13;Odit reprehenderit est culpa e;North Myahshire;Liechtenstein;09.09.2011 13:38;18.10.2011 6:29;;;;;;;;;;;;
114;F;13.05.1952;14;Impedit esse nostrum quisquam ;Ettieton;Ireland;14.02.2011 10:42;10.06.2015 9:58;;;;;;;;;;;;
115;F;11.03.1986;15;Consequatur eligendi blanditii;West Silas;Slovakia (Slovak Republic);25.06.2017 6:39;22.05.2019 12:27;;;;;;;;;;;;
116;M;02.12.1933;16;Optio atque vitae architecto i;Sengerberg;Austria;15.02.2011 4:02;10.05.2014 22:56;;;;;;;;;;;;
117;M;16.11.1926;17;Cumque quis et facere adipisci;Smithton;Nauru;17.12.2014 10:26;14.11.2017 14:34;;;;;;;;;;;;
118;F;29.08.2009;18;Sed nihil blanditiis et repreh;West Rosalinda;Tonga;23.03.2017 16:43;29.08.2018 1:03;;;;;;;;;;;;
119;F;07.07.1976;19;Fugit aut ipsam earum ipsa. Vi;Kubland;Libyan Arab Jamahiriya;15.09.2015 14:17;10.09.2016 17:54;;;;;;;;;;;;
120;F;20.06.1946;20;Corporis et non ipsa et. Alias;Ambrosemouth;Croatia;23.02.2015 10:03;09.12.2017 18:46;;;;;;;;;;;;
121;M;04.11.1987;21;Iusto quis iste recusandae qui;East Ardenport;Lebanon;12.11.2016 22:28;06.12.2018 15:50;;;;;;;;;;;;
122;M;16.02.2017;22;Non itaque iste debitis qui re;Gisselleland;Poland;25.05.2013 5:06;17.04.2016 10:38;;;;;;;;;;;;
123;F;15.06.1963;23;Id in sequi aut sit quo volupt;Port Jerome;Kuwait;01.08.2016 6:44;19.06.2018 6:57;;;;;;;;;;;;
124;F;20.02.1986;24;Ratione et dolores aut esse. E;Heathcoteton;Wallis and Futuna;24.02.2015 12:33;08.01.2018 15:08;;;;;;;;;;;;
125;M;23.11.1942;25;A quod illum non. Quae nisi co;South Cydneyland;Tonga;09.12.2011 19:18;12.03.2012 12:02;;;;;;;;;;;;
126;M;01.03.1993;26;Est doloremque aut similique a;North Ubaldo;Uruguay;22.08.2011 23:51;18.11.2011 6:42;;;;;;;;;;;;
127;M;26.07.1960;27;Qui nesciunt voluptas dicta re;Clemmieshire;Tuvalu;08.07.2011 20:07;16.03.2019 4:54;;;;;;;;;;;;
128;F;10.09.1955;28;Facilis corporis sed aspernatu;Lake Brenna;Dominica;10.08.2011 15:59;03.10.2012 13:54;;;;;;;;;;;;
129;F;10.08.1994;29;Nihil voluptas eos mollitia au;Lake Roslyn;Niue;19.06.2016 7:00;24.12.2017 7:43;;;;;;;;;;;;
130;F;16.12.2000;30;Autem nihil vitae reprehenderi;Lake Jacklyn;Bolivia;08.04.2015 7:29;18.09.2018 22:27;;;;;;;;;;;;
131;M;09.06.1983;31;Adipisci consequuntur ut perfe;Rozellaburgh;Mauritania;14.09.2014 13:31;14.06.2020 2:23;;;;;;;;;;;;
132;F;03.02.1960;32;Eius rem dicta delectus volupt;Turnerton;Swaziland;08.03.2013 20:03;08.10.2015 18:37;;;;;;;;;;;;
133;M;03.01.1926;33;Laudantium consequatur et et a;Kochland;Azerbaijan;09.10.2013 2:10;06.01.2017 0:16;;;;;;;;;;;;
134;M;14.05.2009;34;Et corporis incidunt harum vol;Mayertberg;Singapore;29.08.2011 16:35;11.05.2015 13:36;;;;;;;;;;;;
135;F;27.05.1945;35;Tempore ea praesentium molliti;North Rozellaton;French Southern Territories;14.05.2014 14:03;12.06.2016 10:55;;;;;;;;;;;;
136;F;08.02.1946;36;Quia suscipit voluptatem eos. ;Antwanmouth;South Georgia and the South Sandwich Islands;19.05.2017 23:09;13.06.2020 22:06;;;;;;;;;;;;
137;F;09.08.1955;37;Quod sit iusto aspernatur eos ;South Pattie;Trinidad and Tobago;20.06.2012 16:03;22.04.2018 10:26;;;;;;;;;;;;
138;M;27.06.1992;38;Velit rerum eos repudiandae om;North Ruben;Mali;29.11.2012 3:11;03.11.2019 1:14;;;;;;;;;;;;
139;M;10.09.1934;39;Doloribus cum dolorem vitae fa;East Dakota;Korea;24.09.2016 10:47;15.02.2019 10:53;;;;;;;;;;;;
140;M;23.10.1949;40;Quae explicabo et quod. Aut ne;Naderchester;South Georgia and the South Sandwich Islands;01.08.2017 23:19;25.12.2018 18:54;;;;;;;;;;;;
141;F;30.04.2014;41;Odio maiores aut dicta similiq;D'Amorechester;Angola;13.07.2013 23:15;27.09.2020 8:50;;;;;;;;;;;;
142;F;28.06.1927;42;Nihil nemo et qui sit. Magnam ;Lennytown;Anguilla;29.11.2012 12:44;24.07.2015 20:57;;;;;;;;;;;;
143;F;31.10.1961;43;Mollitia nulla voluptate error;Stephenhaven;American Samoa;17.05.2019 21:40;28.07.2019 4:17;;;;;;;;;;;;
144;M;26.03.1945;44;Porro similique eos magni aspe;Amandaton;Haiti;07.04.2014 13:26;03.08.2014 5:04;;;;;;;;;;;;
145;M;28.03.2002;45;Sint nulla modi aliquid sunt. ;Johnsport;Tuvalu;18.02.2012 22:04;15.04.2012 5:25;;;;;;;;;;;;
146;F;11.11.1935;46;Nam culpa commodi corrupti rec;West Jaylinport;Bermuda;23.12.2013 12:48;30.03.2017 2:36;;;;;;;;;;;;
147;F;08.04.1954;47;Et dolorem beatae dolor sint m;Gayside;Palestinian Territory;21.12.2015 21:34;16.05.2020 21:26;;;;;;;;;;;;
148;F;28.02.2011;48;Esse laborum in recusandae qui;New Roman;Turkmenistan;07.03.2011 18:50;12.12.2019 18:43;;;;;;;;;;;;
;;;;;;;;;;;;;;;;;;;;
;;;;;;;;;;;;;;;;;;;;
