"101","Citlalli","Rau","lavern33@example.com","+02(1)3770574737","2014-06-18 17:58:12","2017-10-31 03:14:33",
"102","Melisa","Larkin","pagac.maureen@example.com","(457)842-8740x6778","2016-12-01 21:12:19","2020-09-17 20:20:52",
"103","Aaron","Bartell","schimmel.ernest@example.net","1-333-035-1473x092","2016-11-19 01:45:08","2017-12-21 18:43:16",
"104","Alessia","Dickinson","lowe.bennie@example.net","(309)234-5140x8167","2012-08-12 04:25:41","2020-12-02 11:06:03",
"105","Gail","Jacobi","khalid.lesch@example.net","+54(6)6701069322","2018-06-17 01:41:16","2020-11-26 00:12:05",
"106","Diamond","Walker","ozella.bosco@example.net","(212)261-2983x9486","2016-09-14 21:18:46","2018-02-09 08:00:21",
"107","Ila","Stroman","vince.herzog@example.net","(526)390-1909x13039","2015-01-26 09:20:15","2016-02-28 23:00:02",
"108","Adrian","Roberts","alessandra.mcglynn@example.net","1-948-349-3308","2014-09-21 00:27:45","2014-12-15 06:08:57",
"109","Pansy","Champlin","pierce.fisher@example.net","380.528.9878","2015-10-08 12:03:03","2020-01-23 13:35:44",
"110","Tamara","Witting","bkonopelski@example.net","659-878-0742x999","2012-05-17 06:03:02","2016-04-05 09:33:58",
"111","Helen","Jones","katharina96@example.net","350-619-9593x72070","2018-01-21 21:13:37","2019-12-25 13:43:18",
"112","Kris","Hyatt","carson.abbott@example.net","847-891-1827","2013-10-16 09:49:54","2020-06-19 05:00:14",
"113","America","Deckow","bgrady@example.net","558-514-8896x552","2016-05-05 09:21:36","2016-12-26 21:56:22",
"114","Clovis","Zulauf","swaniawski.shanelle@example.org","451.985.1336","2014-11-05 00:44:52","2017-02-13 01:52:17",
"115","Madelyn","Morar","genevieve80@example.net","490.698.6068","2014-02-20 06:39:22","2014-11-27 16:45:11",
"116","Eleonore","Grady","nhodkiewicz@example.org","1-481-494-7104","2012-01-12 10:13:01","2017-03-13 03:20:45",
"117","Kadin","McKenzie","danny.kilback@example.net","(925)927-6177","2015-11-16 23:38:16","2018-04-04 00:44:15",
"118","Cloyd","Hirthe","stan.nitzsche@example.com","(546)834-1560","2012-01-31 22:33:08","2013-11-22 00:57:13",
"119","Craig","Cassin","yvonne.corkery@example.org","(156)105-7454x758","2014-05-10 20:26:51","2015-03-19 22:58:19",
"120","Geovanni","Medhurst","ryan.dandre@example.org","591.546.4176","2014-01-16 20:01:03","2019-01-20 00:59:37",
"121","Silas","Goodwin","paris.rogahn@example.net","(675)972-7579","2016-11-22 22:35:27","2019-08-13 16:26:35",
"122","Estefania","Romaguera","amya.huels@example.com","690-698-0355x6906","2011-09-15 03:32:18","2013-04-03 11:42:14",
"123","Ada","Dickens","kozey.jeanette@example.com","1-452-286-7977","2015-07-11 03:18:14","2019-09-14 23:22:14",
"124","Birdie","Cummerata","kpfannerstill@example.org","+71(4)6653691910","2013-10-02 03:19:08","2017-04-26 21:57:13",
"125","Hertha","Haley","stiedemann.vergie@example.com","07629263744","2011-12-21 06:11:40","2016-12-22 03:08:01",
"126","Torrey","Brekke","wbins@example.com","1-474-018-8409","2014-05-17 09:57:04","2018-10-26 06:17:06",
"127","Breanne","Nienow","osborne.cummings@example.com","468-993-9208x37042","2012-08-20 03:19:28","2018-02-26 14:15:09",
"128","Dedrick","Lueilwitz","powlowski.damon@example.com","1-726-189-9530x2615","2011-07-08 23:56:00","2017-01-12 20:27:55",
"129","Donavon","Champlin","williamson.kara@example.org","1-853-460-1264x426","2011-09-30 04:32:14","2016-10-17 14:31:46",
"130","Amiya","Casper","hosea99@example.org","552.994.8488x45900","2015-07-10 18:25:45","2020-10-10 22:47:50",
"131","Gordon","Dach","aniyah05@example.org","1-817-603-8535x78051","2011-11-07 09:03:27","2012-05-27 14:24:02",
"132","Marilie","Mertz","tessie44@example.net","02325728152","2017-05-14 06:38:49","2019-09-24 06:05:51",
"133","Anderson","Runte","nmcclure@example.net","+74(7)1992689135","2012-09-15 08:10:20","2017-06-10 07:45:30",
"134","Major","White","kolby62@example.com","522.338.1124","2012-06-01 10:58:54","2016-05-04 14:26:03",
"135","Davin","Klein","delmer14@example.net","(438)797-8195","2012-06-25 05:11:45","2013-12-29 14:41:39",
"136","Santiago","Hirthe","ctoy@example.net","(780)412-6690x061","2013-02-15 18:09:46","2018-05-17 13:12:55",
"137","Ewell","Doyle","luettgen.johnpaul@example.net","1-517-456-7937x6793","2012-05-03 15:29:09","2019-11-09 11:24:51",
"138","Lemuel","Bartoletti","martine82@example.com","(998)802-2415","2016-07-25 23:16:11","2018-04-07 18:31:19",
"139","Aliya","Prohaska","aufderhar.finn@example.net","00490719037","2012-05-14 22:25:20","2018-03-10 11:17:23",
"140","Ricardo","Schiller","ebba.kunde@example.net","941.605.0222x00871","2016-01-02 11:43:45","2020-06-30 23:40:07",
"141","Emmalee","Abshire","nestor.runolfsson@example.org","(966)698-1807x621","2013-12-16 19:59:00","2014-01-26 14:52:03",
"142","Chauncey","Schaden","anicolas@example.net","549.451.4199x7663","2011-05-07 17:25:24","2015-06-29 20:13:35",
"143","Orrin","Parisian","rozella.bins@example.com","(120)869-2698x440","2014-02-27 01:45:48","2017-07-23 22:17:14",
"144","Meggie","Morissette","don.carter@example.com","020.441.3755x65034","2019-05-01 01:20:28","2020-12-29 19:23:34",
"145","Akeem","Hudson","white.lynn@example.net","458-435-2993","2012-05-17 11:31:32","2015-06-16 07:09:03",
"146","Santos","Hilpert","evie91@example.org","591.803.2313","2020-01-18 11:35:50","2020-11-17 16:34:46",
"147","Erich","Jacobs","willms.madeline@example.org","362-199-5341","2011-04-13 00:34:30","2014-03-19 16:25:29",
"148","Javonte","Ziemann","bthompson@example.org","1-847-519-5792x921","2015-04-11 22:32:07","2017-10-14 22:39:29",
