"id","user_id","filename","size","metadata","media_type_id","created_at","updated_at"
1,235,"http://dropbox.net/vk/http://dropbox.net/vk/""beatae""""Kulas"".png""Pacocha"".mpeg",938806,,1,"2021-01-17 22:45:57","2021-01-18 15:25:41"
2,292,"http://dropbox.net/vk/http://dropbox.net/vk/""earum""""Harris"".png""Paucek"".jpeg",206722,,3,"2021-01-17 22:45:57","2021-01-18 15:25:41"
3,350,"http://dropbox.net/vk/http://dropbox.net/vk/""in""""Walter"".avi""Treutel"".png",207191,,3,"2021-01-17 22:45:57","2021-01-18 15:25:41"
4,66,"http://dropbox.net/vk/http://dropbox.net/vk/""nobis""""Dicki"".jpeg""King"".png",405791,,3,"2021-01-17 22:45:57","2021-01-18 15:25:41"
5,89,"http://dropbox.net/vk/http://dropbox.net/vk/""molestiae""""Torphy"".mpeg""Beatty"".png",397384,,3,"2021-01-17 22:45:57","2021-01-18 15:25:41"
6,246,"http://dropbox.net/vk/http://dropbox.net/vk/""delectus""""Jerde"".png""Kiehn"".jpeg",759547,,2,"2021-01-17 22:45:57","2021-01-18 15:25:41"
7,154,"http://dropbox.net/vk/http://dropbox.net/vk/""suscipit""""Wilderman"".avi""Langosh"".jpeg",595581,,1,"2021-01-17 22:45:57","2021-01-18 15:25:41"
8,35,"http://dropbox.net/vk/http://dropbox.net/vk/""dolorem""""Vandervort"".avi""Schoen"".avi",689268,,3,"2021-01-17 22:45:57","2021-01-18 15:25:41"
9,117,"http://dropbox.net/vk/http://dropbox.net/vk/""sed""""Dickens"".avi""Brown"".avi",649594,,3,"2021-01-17 22:45:57","2021-01-18 15:25:41"
10,78,"http://dropbox.net/vk/http://dropbox.net/vk/""non""""Jerde"".jpeg""Dibbert"".jpeg",170169,,3,"2021-01-17 22:45:57","2021-01-18 15:25:41"
11,37,"http://dropbox.net/vk/http://dropbox.net/vk/""omnis""""Baumbach"".mpeg""Fahey"".jpeg",892062,,3,"2021-01-17 22:45:57","2021-01-18 15:25:41"
12,356,"http://dropbox.net/vk/http://dropbox.net/vk/""dolorum""""Franecki"".png""Moen"".mpeg",939805,,1,"2021-01-17 22:45:57","2021-01-18 15:25:41"
13,49,"http://dropbox.net/vk/http://dropbox.net/vk/""corrupti""""Schoen"".jpeg""Jerde"".avi",12840,,3,"2021-01-17 22:45:57","2021-01-18 15:25:41"
14,395,"http://dropbox.net/vk/http://dropbox.net/vk/""asperiores""""Blick"".png""Konopelski"".jpeg",234783,,2,"2021-01-17 22:45:57","2021-01-18 15:25:41"
15,209,"http://dropbox.net/vk/http://dropbox.net/vk/""porro""""Walter"".png""Auer"".png",125398,,1,"2021-01-17 22:45:57","2021-01-18 15:25:41"
16,263,"http://dropbox.net/vk/http://dropbox.net/vk/""neque""""Runte"".jpeg""Kautzer"".jpeg",912643,,1,"2021-01-17 22:45:57","2021-01-18 15:25:41"
17,283,"http://dropbox.net/vk/http://dropbox.net/vk/""voluptas""""O'Connell"".jpeg""Brown"".png",177018,,2,"2021-01-17 22:45:57","2021-01-18 15:25:41"
18,223,"http://dropbox.net/vk/http://dropbox.net/vk/""velit""""Fahey"".mpeg""Leannon"".jpeg",137165,,1,"2021-01-17 22:45:57","2021-01-18 15:25:41"
19,266,"http://dropbox.net/vk/http://dropbox.net/vk/""cumque""""Quigley"".avi""Weimann"".mpeg",144769,,1,"2021-01-17 22:45:57","2021-01-18 15:25:41"
20,255,"http://dropbox.net/vk/http://dropbox.net/vk/""minus""""Hegmann"".png""Reynolds"".jpeg",302353,,2,"2021-01-17 22:45:57","2021-01-18 15:25:41"
21,72,"http://dropbox.net/vk/http://dropbox.net/vk/""rem""""Mraz"".mpeg""Cruickshank"".mpeg",67458,,3,"2021-01-17 22:45:57","2021-01-18 15:25:41"
22,1,"http://dropbox.net/vk/http://dropbox.net/vk/""enim""""Fahey"".jpeg""O'Connell"".jpeg",420230,,2,"2021-01-17 22:45:57","2021-01-18 15:25:41"
23,196,"http://dropbox.net/vk/http://dropbox.net/vk/""ratione""""Reynolds"".jpeg""Stracke"".mpeg",888776,,2,"2021-01-17 22:45:57","2021-01-18 15:25:41"
24,166,"http://dropbox.net/vk/http://dropbox.net/vk/""ut""""Kautzer"".jpeg""Runte"".mpeg",173193,,2,"2021-01-17 22:45:57","2021-01-18 15:25:41"
25,244,"http://dropbox.net/vk/http://dropbox.net/vk/""nihil""""Witting"".avi""Ondricka"".avi",189638,,1,"2021-01-17 22:45:57","2021-01-18 15:25:41"
26,316,"http://dropbox.net/vk/http://dropbox.net/vk/""provident""""Auer"".jpeg""Bradtke"".avi",418609,,1,"2021-01-17 22:45:57","2021-01-18 15:25:41"
27,38,"http://dropbox.net/vk/http://dropbox.net/vk/""eum""""Schinner"".avi""Streich"".avi",514134,,2,"2021-01-17 22:45:57","2021-01-18 15:25:41"
28,52,"http://dropbox.net/vk/http://dropbox.net/vk/""saepe""""Beatty"".avi""Cartwright"".mpeg",304841,,1,"2021-01-17 22:45:57","2021-01-18 15:25:41"
29,149,"http://dropbox.net/vk/http://dropbox.net/vk/""occaecati""""Rowe"".png""Bruen"".avi",971805,,1,"2021-01-17 22:45:57","2021-01-18 15:25:41"
30,184,"http://dropbox.net/vk/http://dropbox.net/vk/""tempora""""Jerde"".avi""Cartwright"".jpeg",934503,,2,"2021-01-17 22:45:57","2021-01-18 15:25:41"
31,70,"http://dropbox.net/vk/http://dropbox.net/vk/""delectus""""Keebler"".jpeg""Reichel"".mpeg",747100,,1,"2021-01-17 22:45:57","2021-01-18 15:25:41"
32,202,"http://dropbox.net/vk/http://dropbox.net/vk/""est""""Dicki"".avi""Schiller"".avi",921990,,3,"2021-01-17 22:45:57","2021-01-18 15:25:41"
33,397,"http://dropbox.net/vk/http://dropbox.net/vk/""nisi""""O'Keefe"".avi""Quigley"".mpeg",358652,,1,"2021-01-17 22:45:57","2021-01-18 15:25:41"
34,162,"http://dropbox.net/vk/http://dropbox.net/vk/""commodi""""Walter"".jpeg""Hoeger"".png",17289,,2,"2021-01-17 22:45:57","2021-01-18 15:25:41"
35,26,"http://dropbox.net/vk/http://dropbox.net/vk/""qui""""Wolff"".mpeg""Rosenbaum"".jpeg",1000491,,3,"2021-01-17 22:45:57","2021-01-18 15:25:41"
36,51,"http://dropbox.net/vk/http://dropbox.net/vk/""qui""""Prohaska"".mpeg""Baumbach"".avi",940589,,2,"2021-01-17 22:45:57","2021-01-18 15:25:41"
37,177,"http://dropbox.net/vk/http://dropbox.net/vk/""sint""""Ruecker"".mpeg""O'Reilly"".png",691474,,3,"2021-01-17 22:45:57","2021-01-18 15:25:41"
38,329,"http://dropbox.net/vk/http://dropbox.net/vk/""expedita""""Collier"".mpeg""Brown"".png",625601,,3,"2021-01-17 22:45:57","2021-01-18 15:25:41"
39,301,"http://dropbox.net/vk/http://dropbox.net/vk/""mollitia""""Nolan"".png""Quitzon"".jpeg",43583,,1,"2021-01-17 22:45:57","2021-01-18 15:25:41"
40,117,"http://dropbox.net/vk/http://dropbox.net/vk/""temporibus""""Brown"".mpeg""Veum"".avi",331111,,2,"2021-01-17 22:45:57","2021-01-18 15:25:41"
41,85,"http://dropbox.net/vk/http://dropbox.net/vk/""maxime""""Quigley"".avi""Vandervort"".jpeg",514810,,2,"2021-01-17 22:45:57","2021-01-18 15:25:41"
42,76,"http://dropbox.net/vk/http://dropbox.net/vk/""dolor""""Weimann"".mpeg""Kulas"".avi",570716,,2,"2021-01-17 22:45:57","2021-01-18 15:25:41"
43,126,"http://dropbox.net/vk/http://dropbox.net/vk/""veritatis""""Conn"".png""Balistreri"".jpeg",299151,,3,"2021-01-17 22:45:57","2021-01-18 15:25:41"
44,401,"http://dropbox.net/vk/http://dropbox.net/vk/""ad""""Hegmann"".mpeg""Lebsack"".mpeg",773608,,2,"2021-01-17 22:45:57","2021-01-18 15:25:41"
45,6,"http://dropbox.net/vk/http://dropbox.net/vk/""libero""""Balistreri"".jpeg""Langosh"".png",960585,,2,"2021-01-17 22:45:57","2021-01-18 15:25:41"
46,44,"http://dropbox.net/vk/http://dropbox.net/vk/""itaque""""Gleason"".png""Green"".mpeg",472104,,2,"2021-01-17 22:45:57","2021-01-18 15:25:41"
47,203,"http://dropbox.net/vk/http://dropbox.net/vk/""et""""Ankunding"".avi""Moen"".mpeg",468766,,2,"2021-01-17 22:45:57","2021-01-18 15:25:41"
48,74,"http://dropbox.net/vk/http://dropbox.net/vk/""ab""""Schinner"".png""Bradtke"".avi",917520,,2,"2021-01-17 22:45:57","2021-01-18 15:25:41"
49,166,"http://dropbox.net/vk/http://dropbox.net/vk/""soluta""""Marvin"".png""Larson"".mpeg",171300,,2,"2021-01-17 22:45:57","2021-01-18 15:25:41"
50,205,"http://dropbox.net/vk/http://dropbox.net/vk/""quia""""Bednar"".avi""Dibbert"".avi",93940,,3,"2021-01-17 22:45:57","2021-01-18 15:25:41"
51,121,"http://dropbox.net/vk/http://dropbox.net/vk/""sed""""Schneider"".jpeg""Powlowski"".mpeg",945802,,2,"2021-01-17 22:45:57","2021-01-18 15:25:41"
52,397,"http://dropbox.net/vk/http://dropbox.net/vk/""nihil""""Carter"".jpeg""Steuber"".jpeg",437192,,3,"2021-01-17 22:45:57","2021-01-18 15:25:41"
53,1,"http://dropbox.net/vk/http://dropbox.net/vk/""aut""""Moen"".jpeg""Quigley"".mpeg",338553,,3,"2021-01-17 22:45:57","2021-01-18 15:25:41"
54,28,"http://dropbox.net/vk/http://dropbox.net/vk/""voluptate""""Bradtke"".png""Funk"".jpeg",371191,,3,"2021-01-17 22:45:57","2021-01-18 15:25:41"
55,140,"http://dropbox.net/vk/http://dropbox.net/vk/""ad""""Blick"".png""Windler"".png",830295,,1,"2021-01-17 22:45:57","2021-01-18 15:25:41"
56,212,"http://dropbox.net/vk/http://dropbox.net/vk/""optio""""Pacocha"".png""Jerde"".mpeg",27901,,1,"2021-01-17 22:45:57","2021-01-18 15:25:41"
57,235,"http://dropbox.net/vk/http://dropbox.net/vk/""temporibus""""Bradtke"".mpeg""Stracke"".avi",638622,,1,"2021-01-17 22:45:57","2021-01-18 15:25:41"
58,136,"http://dropbox.net/vk/http://dropbox.net/vk/""dolore""""Steuber"".mpeg""Macejkovic"".jpeg",99407,,2,"2021-01-17 22:45:57","2021-01-18 15:25:41"
59,379,"http://dropbox.net/vk/http://dropbox.net/vk/""minus""""Dibbert"".png""Kautzer"".mpeg",571168,,2,"2021-01-17 22:45:57","2021-01-18 15:25:41"
60,271,"http://dropbox.net/vk/http://dropbox.net/vk/""praesentium""""Schuppe"".png""Runte"".png",547623,,2,"2021-01-17 22:45:57","2021-01-18 15:25:41"
61,219,"http://dropbox.net/vk/http://dropbox.net/vk/""necessitatibus""""Walter"".png""Cartwright"".jpeg",14608,,1,"2021-01-17 22:45:57","2021-01-18 15:25:41"
62,285,"http://dropbox.net/vk/http://dropbox.net/vk/""eligendi""""Ruecker"".png""Schiller"".jpeg",420173,,2,"2021-01-17 22:45:57","2021-01-18 15:25:41"
63,362,"http://dropbox.net/vk/http://dropbox.net/vk/""quo""""Balistreri"".png""Schmitt"".jpeg",47042,,1,"2021-01-17 22:45:57","2021-01-18 15:25:41"
64,147,"http://dropbox.net/vk/http://dropbox.net/vk/""dignissimos""""Schowalter"".avi""Tremblay"".png",964690,,3,"2021-01-17 22:45:57","2021-01-18 15:25:41"
65,55,"http://dropbox.net/vk/http://dropbox.net/vk/""velit""""Sipes"".png""Ankunding"".avi",672327,,3,"2021-01-17 22:45:57","2021-01-18 15:25:41"
66,238,"http://dropbox.net/vk/http://dropbox.net/vk/""quisquam""""Walter"".png""Schowalter"".mpeg",457565,,2,"2021-01-17 22:45:57","2021-01-18 15:25:41"
67,215,"http://dropbox.net/vk/http://dropbox.net/vk/""enim""""Conn"".avi""Macejkovic"".jpeg",260844,,3,"2021-01-17 22:45:57","2021-01-18 15:25:41"
68,360,"http://dropbox.net/vk/http://dropbox.net/vk/""qui""""Ondricka"".mpeg""Veum"".avi",921527,,2,"2021-01-17 22:45:57","2021-01-18 15:25:41"
69,347,"http://dropbox.net/vk/http://dropbox.net/vk/""maiores""""Beatty"".png""Hoeger"".mpeg",815100,,3,"2021-01-17 22:45:57","2021-01-18 15:25:41"
70,250,"http://dropbox.net/vk/http://dropbox.net/vk/""officiis""""Franecki"".mpeg""Brekke"".jpeg",300923,,2,"2021-01-17 22:45:57","2021-01-18 15:25:41"
71,208,"http://dropbox.net/vk/http://dropbox.net/vk/""hic""""Batz"".avi""Romaguera"".avi",49315,,2,"2021-01-17 22:45:57","2021-01-18 15:25:41"
72,291,"http://dropbox.net/vk/http://dropbox.net/vk/""est""""Cormier"".jpeg""Marvin"".jpeg",333804,,2,"2021-01-17 22:45:57","2021-01-18 15:25:41"
73,23,"http://dropbox.net/vk/http://dropbox.net/vk/""est""""Huels"".mpeg""Renner"".png",511079,,1,"2021-01-17 22:45:57","2021-01-18 15:25:41"
74,54,"http://dropbox.net/vk/http://dropbox.net/vk/""in""""Pacocha"".png""Pacocha"".jpeg",543982,,1,"2021-01-17 22:45:57","2021-01-18 15:25:41"
75,198,"http://dropbox.net/vk/http://dropbox.net/vk/""ut""""Hackett"".mpeg""Fahey"".png",176675,,2,"2021-01-17 22:45:57","2021-01-18 15:25:41"
76,19,"http://dropbox.net/vk/http://dropbox.net/vk/""qui""""Emmerich"".png""Stroman"".png",241429,,1,"2021-01-17 22:45:57","2021-01-18 15:25:41"
77,314,"http://dropbox.net/vk/http://dropbox.net/vk/""molestias""""Sipes"".avi""Schuppe"".avi",667122,,3,"2021-01-17 22:45:57","2021-01-18 15:25:41"
78,298,"http://dropbox.net/vk/http://dropbox.net/vk/""id""""Baumbach"".png""Runte"".mpeg",601321,,2,"2021-01-17 22:45:57","2021-01-18 15:25:41"
79,141,"http://dropbox.net/vk/http://dropbox.net/vk/""cumque""""Steuber"".mpeg""Schuppe"".avi",995241,,2,"2021-01-17 22:45:57","2021-01-18 15:25:41"
80,219,"http://dropbox.net/vk/http://dropbox.net/vk/""qui""""Schinner"".mpeg""Veum"".avi",162244,,3,"2021-01-17 22:45:57","2021-01-18 15:25:41"
81,267,"http://dropbox.net/vk/http://dropbox.net/vk/""dolores""""Franecki"".png""O'Reilly"".jpeg",815497,,3,"2021-01-17 22:45:57","2021-01-18 15:25:41"
82,275,"http://dropbox.net/vk/http://dropbox.net/vk/""commodi""""Leffler"".png""Dicki"".png",580751,,3,"2021-01-17 22:45:57","2021-01-18 15:25:41"
83,166,"http://dropbox.net/vk/http://dropbox.net/vk/""ad""""Ondricka"".jpeg""Marvin"".avi",447267,,2,"2021-01-17 22:45:57","2021-01-18 15:25:41"
84,8,"http://dropbox.net/vk/http://dropbox.net/vk/""iste""""Walter"".png""Schoen"".avi",484084,,2,"2021-01-17 22:45:57","2021-01-18 15:25:41"
85,353,"http://dropbox.net/vk/http://dropbox.net/vk/""debitis""""Jerde"".png""Wolff"".jpeg",68617,,1,"2021-01-17 22:45:57","2021-01-18 15:25:41"
86,122,"http://dropbox.net/vk/http://dropbox.net/vk/""voluptate""""Hegmann"".mpeg""O'Reilly"".png",880835,,1,"2021-01-17 22:45:57","2021-01-18 15:25:41"
87,360,"http://dropbox.net/vk/http://dropbox.net/vk/""quisquam""""Veum"".jpeg""Stanton"".png",188322,,3,"2021-01-17 22:45:57","2021-01-18 15:25:41"
88,219,"http://dropbox.net/vk/http://dropbox.net/vk/""soluta""""Runte"".avi""Stroman"".avi",289108,,1,"2021-01-17 22:45:57","2021-01-18 15:25:41"
89,14,"http://dropbox.net/vk/http://dropbox.net/vk/""qui""""Wilderman"".avi""Jerde"".mpeg",870573,,1,"2021-01-17 22:45:57","2021-01-18 15:25:41"
90,226,"http://dropbox.net/vk/http://dropbox.net/vk/""animi""""Torphy"".jpeg""Schaden"".avi",475543,,2,"2021-01-17 22:45:57","2021-01-18 15:25:41"
91,276,"http://dropbox.net/vk/http://dropbox.net/vk/""recusandae""""Green"".png""Carroll"".jpeg",755996,,2,"2021-01-17 22:45:57","2021-01-18 15:25:41"
92,301,"http://dropbox.net/vk/http://dropbox.net/vk/""et""""Green"".png""Walter"".mpeg",343352,,1,"2021-01-17 22:45:57","2021-01-18 15:25:41"
93,269,"http://dropbox.net/vk/http://dropbox.net/vk/""saepe""""Metz"".png""Rowe"".png",438774,,3,"2021-01-17 22:45:57","2021-01-18 15:25:41"
94,38,"http://dropbox.net/vk/http://dropbox.net/vk/""tempora""""Auer"".jpeg""Jerde"".jpeg",153812,,2,"2021-01-17 22:45:57","2021-01-18 15:25:41"
95,196,"http://dropbox.net/vk/http://dropbox.net/vk/""ipsa""""Hoeger"".png""Schaefer"".png",442740,,2,"2021-01-17 22:45:57","2021-01-18 15:25:41"
96,55,"http://dropbox.net/vk/http://dropbox.net/vk/""explicabo""""Metz"".jpeg""Balistreri"".avi",742263,,2,"2021-01-17 22:45:57","2021-01-18 15:25:41"
97,93,"http://dropbox.net/vk/http://dropbox.net/vk/""possimus""""Metz"".mpeg""Quigley"".mpeg",373094,,2,"2021-01-17 22:45:57","2021-01-18 15:25:41"
98,301,"http://dropbox.net/vk/http://dropbox.net/vk/""autem""""Blick"".png""Corkery"".mpeg",628684,,1,"2021-01-17 22:45:57","2021-01-18 15:25:41"
99,11,"http://dropbox.net/vk/http://dropbox.net/vk/""aperiam""""Bruen"".avi""Balistreri"".png",14139,,2,"2021-01-17 22:45:57","2021-01-18 15:25:41"
100,366,"http://dropbox.net/vk/http://dropbox.net/vk/""sunt""""Stanton"".jpeg""Romaguera"".png",174641,,3,"2021-01-17 22:45:57","2021-01-18 15:25:41"
101,180,"http://dropbox.net/vk/http://dropbox.net/vk/""voluptas""""Moen"".jpeg""Paucek"".jpeg",820790,,1,"2021-01-17 22:45:57","2021-01-18 15:25:41"
102,205,"http://dropbox.net/vk/http://dropbox.net/vk/""distinctio""""Huels"".png""Schuppe"".avi",570029,,2,"2021-01-17 22:45:57","2021-01-18 15:25:41"
103,81,"http://dropbox.net/vk/http://dropbox.net/vk/""optio""""Rowe"".avi""Leannon"".png",377776,,1,"2021-01-17 22:45:57","2021-01-18 15:25:41"
104,195,"http://dropbox.net/vk/http://dropbox.net/vk/""est""""Kris"".png""Langosh"".jpeg",168792,,3,"2021-01-17 22:45:57","2021-01-18 15:25:41"
105,328,"http://dropbox.net/vk/http://dropbox.net/vk/""natus""""Cormier"".avi""Cartwright"".jpeg",700634,,3,"2021-01-17 22:45:57","2021-01-18 15:25:41"
106,244,"http://dropbox.net/vk/http://dropbox.net/vk/""eos""""Armstrong"".mpeg""Hackett"".mpeg",986793,,3,"2021-01-17 22:45:57","2021-01-18 15:25:41"
107,239,"http://dropbox.net/vk/http://dropbox.net/vk/""velit""""Frami"".jpeg""Carroll"".avi",822064,,2,"2021-01-17 22:45:57","2021-01-18 15:25:41"
108,59,"http://dropbox.net/vk/http://dropbox.net/vk/""ut""""Witting"".jpeg""Metz"".jpeg",139941,,2,"2021-01-17 22:45:57","2021-01-18 15:25:41"
109,389,"http://dropbox.net/vk/http://dropbox.net/vk/""quia""""Langosh"".mpeg""Brown"".png",223514,,1,"2021-01-17 22:45:57","2021-01-18 15:25:41"
110,148,"http://dropbox.net/vk/http://dropbox.net/vk/""excepturi""""Steuber"".avi""Windler"".jpeg",687746,,1,"2021-01-17 22:45:57","2021-01-18 15:25:41"
111,383,"http://dropbox.net/vk/http://dropbox.net/vk/""provident""""Carter"".jpeg""Witting"".jpeg",758189,,3,"2021-01-17 22:45:57","2021-01-18 15:25:41"
112,258,"http://dropbox.net/vk/http://dropbox.net/vk/""aperiam""""Grant"".mpeg""Leannon"".png",717708,,3,"2021-01-17 22:45:57","2021-01-18 15:25:41"
113,142,"http://dropbox.net/vk/http://dropbox.net/vk/""architecto""""Bruen"".png""Corkery"".avi",303976,,2,"2021-01-17 22:45:57","2021-01-18 15:25:41"
114,341,"http://dropbox.net/vk/http://dropbox.net/vk/""labore""""Hintz"".png""Hoeger"".avi",356753,,1,"2021-01-17 22:45:57","2021-01-18 15:25:41"
115,62,"http://dropbox.net/vk/http://dropbox.net/vk/""odio""""Funk"".png""Witting"".jpeg",861837,,1,"2021-01-17 22:45:57","2021-01-18 15:25:41"
116,100,"http://dropbox.net/vk/http://dropbox.net/vk/""sint""""Beier"".jpeg""Frami"".avi",228929,,1,"2021-01-17 22:45:57","2021-01-18 15:25:41"
117,313,"http://dropbox.net/vk/http://dropbox.net/vk/""optio""""Torphy"".mpeg""Schinner"".mpeg",549132,,2,"2021-01-17 22:45:57","2021-01-18 15:25:41"
118,52,"http://dropbox.net/vk/http://dropbox.net/vk/""adipisci""""Torphy"".avi""O'Connell"".mpeg",48876,,1,"2021-01-17 22:45:57","2021-01-18 15:25:41"
119,129,"http://dropbox.net/vk/http://dropbox.net/vk/""repellat""""Prohaska"".mpeg""Kris"".png",586986,,2,"2021-01-17 22:45:57","2021-01-18 15:25:41"
120,86,"http://dropbox.net/vk/http://dropbox.net/vk/""ut""""Quigley"".mpeg""Treutel"".png",778300,,1,"2021-01-17 22:45:57","2021-01-18 15:25:41"
121,44,"http://dropbox.net/vk/http://dropbox.net/vk/""qui""""Baumbach"".jpeg""O'Kon"".avi",120542,,2,"2021-01-17 22:45:57","2021-01-18 15:25:41"
122,365,"http://dropbox.net/vk/http://dropbox.net/vk/""rerum""""Balistreri"".mpeg""Cormier"".png",257812,,1,"2021-01-17 22:45:57","2021-01-18 15:25:22"
123,75,"http://dropbox.net/vk/http://dropbox.net/vk/""delectus""""Witting"".jpeg""Cartwright"".png",917435,,1,"2021-01-17 22:45:57","2021-01-18 15:25:41"
124,89,"http://dropbox.net/vk/http://dropbox.net/vk/""culpa""""Frami"".mpeg""Brekke"".png",803739,,1,"2021-01-17 22:45:57","2021-01-18 15:25:41"
125,221,"http://dropbox.net/vk/http://dropbox.net/vk/""sit""""Paucek"".mpeg""Moen"".jpeg",256389,,2,"2021-01-17 22:45:57","2021-01-18 15:25:41"
126,28,"http://dropbox.net/vk/http://dropbox.net/vk/""consequatur""""Graham"".avi""Cormier"".png",860731,,2,"2021-01-17 22:45:57","2021-01-18 15:25:41"
127,287,"http://dropbox.net/vk/http://dropbox.net/vk/""quas""""O'Kon"".mpeg""Collier"".mpeg",524488,,3,"2021-01-17 22:45:57","2021-01-18 15:25:41"
128,138,"http://dropbox.net/vk/http://dropbox.net/vk/""fugiat""""Veum"".jpeg""Collier"".jpeg",30248,,1,"2021-01-17 22:45:57","2021-01-18 15:25:41"
129,236,"http://dropbox.net/vk/http://dropbox.net/vk/""consequatur""""Reynolds"".mpeg""Conn"".mpeg",567774,,3,"2021-01-17 22:45:57","2021-01-18 15:25:41"
130,359,"http://dropbox.net/vk/http://dropbox.net/vk/""ut""""Beier"".png""Konopelski"".jpeg",738128,,2,"2021-01-17 22:45:57","2021-01-18 15:25:41"
131,277,"http://dropbox.net/vk/http://dropbox.net/vk/""dolor""""Lesch"".png""Cormier"".mpeg",977318,,3,"2021-01-17 22:45:57","2021-01-18 15:25:41"
132,307,"http://dropbox.net/vk/http://dropbox.net/vk/""error""""Rowe"".avi""Kessler"".mpeg",662205,,3,"2021-01-17 22:45:57","2021-01-18 15:25:41"
133,303,"http://dropbox.net/vk/http://dropbox.net/vk/""sed""""Hintz"".jpeg""Dickens"".avi",369075,,2,"2021-01-17 22:45:57","2021-01-18 15:25:41"
134,187,"http://dropbox.net/vk/http://dropbox.net/vk/""molestiae""""Fahey"".mpeg""Emmerich"".png",848759,,2,"2021-01-17 22:45:57","2021-01-18 15:25:41"
135,27,"http://dropbox.net/vk/http://dropbox.net/vk/""deserunt""""Windler"".mpeg""Tremblay"".avi",126570,,2,"2021-01-17 22:45:57","2021-01-18 15:25:41"
136,385,"http://dropbox.net/vk/http://dropbox.net/vk/""a""""Beier"".jpeg""Schiller"".jpeg",76573,,1,"2021-01-17 22:45:57","2021-01-18 15:25:41"
137,226,"http://dropbox.net/vk/http://dropbox.net/vk/""nam""""Pacocha"".png""Batz"".jpeg",993156,,1,"2021-01-17 22:45:57","2021-01-18 15:25:41"
138,378,"http://dropbox.net/vk/http://dropbox.net/vk/""placeat""""Blick"".jpeg""Konopelski"".avi",726062,,1,"2021-01-17 22:45:57","2021-01-18 15:25:41"
139,0,"http://dropbox.net/vk/http://dropbox.net/vk/""non""""Leffler"".mpeg""Huels"".avi",640842,,2,"2021-01-17 22:45:57","2021-01-18 15:25:41"
140,80,"http://dropbox.net/vk/http://dropbox.net/vk/""distinctio""""Hegmann"".avi""Grant"".avi",16024,,1,"2021-01-17 22:45:57","2021-01-18 15:25:41"
141,401,"http://dropbox.net/vk/http://dropbox.net/vk/""iusto""""Jerde"".png""Paucek"".mpeg",147596,,3,"2021-01-17 22:45:57","2021-01-18 15:25:41"
142,146,"http://dropbox.net/vk/http://dropbox.net/vk/""possimus""""Schiller"".jpeg""O'Connell"".mpeg",679909,,1,"2021-01-17 22:45:57","2021-01-18 15:25:41"
143,335,"http://dropbox.net/vk/http://dropbox.net/vk/""cupiditate""""Dicki"".jpeg""Zemlak"".mpeg",946757,,1,"2021-01-17 22:45:57","2021-01-18 15:25:41"
144,25,"http://dropbox.net/vk/http://dropbox.net/vk/""voluptatibus""""Wilderman"".avi""Dicki"".mpeg",684058,,2,"2021-01-17 22:45:57","2021-01-18 15:25:41"
145,337,"http://dropbox.net/vk/http://dropbox.net/vk/""necessitatibus""""Herman"".jpeg""Carter"".png",570020,,3,"2021-01-17 22:45:57","2021-01-18 15:25:41"
146,393,"http://dropbox.net/vk/http://dropbox.net/vk/""voluptatem""""Prohaska"".png""Witting"".jpeg",787924,,1,"2021-01-17 22:45:57","2021-01-18 15:25:41"
147,145,"http://dropbox.net/vk/http://dropbox.net/vk/""eum""""Brekke"".jpeg""Pacocha"".mpeg",219563,,3,"2021-01-17 22:45:57","2021-01-18 15:25:41"
148,357,"http://dropbox.net/vk/http://dropbox.net/vk/""sit""""Schuppe"".jpeg""Renner"".png",724044,,3,"2021-01-17 22:45:57","2021-01-18 15:25:41"
149,137,"http://dropbox.net/vk/http://dropbox.net/vk/""saepe""""Bednar"".png""Lebsack"".mpeg",951532,,2,"2021-01-17 22:45:57","2021-01-18 15:25:41"
150,19,"http://dropbox.net/vk/http://dropbox.net/vk/""optio""""Hackett"".avi""Torphy"".jpeg",575528,,2,"2021-01-17 22:45:57","2021-01-18 15:25:41"
151,91,"http://dropbox.net/vk/http://dropbox.net/vk/""distinctio""""O'Reilly"".mpeg""Muller"".mpeg",13045,,2,"2021-01-17 22:45:57","2021-01-18 15:25:41"
152,397,"http://dropbox.net/vk/http://dropbox.net/vk/""minus""""Macejkovic"".mpeg""Ankunding"".mpeg",328641,,2,"2021-01-17 22:45:57","2021-01-18 15:25:41"
153,94,"http://dropbox.net/vk/http://dropbox.net/vk/""in""""Paucek"".avi""Kulas"".jpeg",594072,,2,"2021-01-17 22:45:57","2021-01-18 15:25:41"
154,90,"http://dropbox.net/vk/http://dropbox.net/vk/""qui""""Cruickshank"".jpeg""Auer"".jpeg",974435,,2,"2021-01-17 22:45:57","2021-01-18 15:25:41"
155,169,"http://dropbox.net/vk/http://dropbox.net/vk/""rem""""Reinger"".mpeg""Witting"".jpeg",79960,,3,"2021-01-17 22:45:57","2021-01-18 15:25:41"
156,171,"http://dropbox.net/vk/http://dropbox.net/vk/""molestiae""""Rowe"".mpeg""Leannon"".jpeg",466498,,2,"2021-01-17 22:45:57","2021-01-18 15:25:41"
157,349,"http://dropbox.net/vk/http://dropbox.net/vk/""quasi""""Mraz"".jpeg""O'Reilly"".mpeg",82608,,1,"2021-01-17 22:45:57","2021-01-18 15:25:41"
158,16,"http://dropbox.net/vk/http://dropbox.net/vk/""ducimus""""Veum"".png""Goyette"".mpeg",1003545,,3,"2021-01-17 22:45:57","2021-01-18 15:25:41"
159,247,"http://dropbox.net/vk/http://dropbox.net/vk/""at""""Herman"".png""Brown"".jpeg",759905,,1,"2021-01-17 22:45:57","2021-01-18 15:25:41"
160,378,"http://dropbox.net/vk/http://dropbox.net/vk/""est""""Wunsch"".mpeg""Torphy"".avi",778887,,3,"2021-01-17 22:45:57","2021-01-18 15:25:41"
161,339,"http://dropbox.net/vk/http://dropbox.net/vk/""facilis""""Nolan"".avi""Stracke"".mpeg",604722,,2,"2021-01-17 22:45:57","2021-01-18 15:25:41"
162,156,"http://dropbox.net/vk/http://dropbox.net/vk/""fugit""""Moen"".avi""Tremblay"".mpeg",676952,,1,"2021-01-17 22:45:57","2021-01-18 15:25:41"
163,169,"http://dropbox.net/vk/http://dropbox.net/vk/""voluptatibus""""Veum"".mpeg""Leffler"".avi",560591,,1,"2021-01-17 22:45:57","2021-01-18 15:25:41"
164,376,"http://dropbox.net/vk/http://dropbox.net/vk/""autem""""Bednar"".png""Kiehn"".jpeg",762101,,3,"2021-01-17 22:45:57","2021-01-18 15:25:41"
165,159,"http://dropbox.net/vk/http://dropbox.net/vk/""aut""""Bradtke"".png""Marvin"".avi",118731,,3,"2021-01-17 22:45:57","2021-01-18 15:25:41"
166,72,"http://dropbox.net/vk/http://dropbox.net/vk/""nobis""""O'Reilly"".avi""Goyette"".jpeg",297353,,3,"2021-01-17 22:45:57","2021-01-18 15:25:41"
167,291,"http://dropbox.net/vk/http://dropbox.net/vk/""eius""""Schoen"".mpeg""Walter"".avi",120572,,1,"2021-01-17 22:45:57","2021-01-18 15:25:41"
168,22,"http://dropbox.net/vk/http://dropbox.net/vk/""ipsum""""Bode"".jpeg""Leffler"".png",700804,,1,"2021-01-17 22:45:57","2021-01-18 15:25:41"
169,47,"http://dropbox.net/vk/http://dropbox.net/vk/""et""""Emmerich"".jpeg""Upton"".mpeg",132305,,2,"2021-01-17 22:45:57","2021-01-18 15:25:41"
170,172,"http://dropbox.net/vk/http://dropbox.net/vk/""neque""""Schiller"".avi""Cruickshank"".avi",549110,,3,"2021-01-17 22:45:57","2021-01-18 15:25:41"
171,315,"http://dropbox.net/vk/http://dropbox.net/vk/""quam""""Schmidt"".mpeg""Bruen"".mpeg",338638,,2,"2021-01-17 22:45:57","2021-01-18 15:25:41"
172,246,"http://dropbox.net/vk/http://dropbox.net/vk/""molestiae""""Funk"".mpeg""Torphy"".avi",35860,,2,"2021-01-17 22:45:57","2021-01-18 15:25:41"
173,289,"http://dropbox.net/vk/http://dropbox.net/vk/""a""""Auer"".jpeg""Larson"".avi",153384,,3,"2021-01-17 22:45:57","2021-01-18 15:25:41"
174,302,"http://dropbox.net/vk/http://dropbox.net/vk/""quaerat""""Sipes"".jpeg""Kessler"".mpeg",649344,,1,"2021-01-17 22:45:57","2021-01-18 15:25:41"
175,238,"http://dropbox.net/vk/http://dropbox.net/vk/""necessitatibus""""Carter"".png""Treutel"".mpeg",776567,,1,"2021-01-17 22:45:57","2021-01-18 15:25:41"
176,283,"http://dropbox.net/vk/http://dropbox.net/vk/""ut""""Lebsack"".mpeg""Graham"".mpeg",924802,,1,"2021-01-17 22:45:57","2021-01-18 15:25:41"
177,297,"http://dropbox.net/vk/http://dropbox.net/vk/""laudantium""""Schowalter"".avi""Corkery"".mpeg",284310,,2,"2021-01-17 22:45:57","2021-01-18 15:25:41"
178,233,"http://dropbox.net/vk/http://dropbox.net/vk/""incidunt""""Hintz"".mpeg""Schoen"".mpeg",637146,,1,"2021-01-17 22:45:57","2021-01-18 15:25:41"
179,274,"http://dropbox.net/vk/http://dropbox.net/vk/""et""""Steuber"".png""Dickens"".avi",322802,,1,"2021-01-17 22:45:57","2021-01-18 15:25:41"
180,268,"http://dropbox.net/vk/http://dropbox.net/vk/""error""""Reinger"".avi""Kiehn"".jpeg",692569,,2,"2021-01-17 22:45:57","2021-01-18 15:25:41"
181,111,"http://dropbox.net/vk/http://dropbox.net/vk/""sit""""O'Connell"".jpeg""Reichel"".mpeg",484442,,1,"2021-01-17 22:45:57","2021-01-18 15:25:41"
182,159,"http://dropbox.net/vk/http://dropbox.net/vk/""omnis""""Ruecker"".jpeg""Runte"".avi",334503,,3,"2021-01-17 22:45:57","2021-01-18 15:25:41"
183,55,"http://dropbox.net/vk/http://dropbox.net/vk/""quis""""Schmitt"".jpeg""Rowe"".mpeg",209188,,2,"2021-01-17 22:45:57","2021-01-18 15:25:41"
184,203,"http://dropbox.net/vk/http://dropbox.net/vk/""maiores""""Rosenbaum"".png""Paucek"".jpeg",32432,,2,"2021-01-17 22:45:57","2021-01-18 15:25:41"
185,39,"http://dropbox.net/vk/http://dropbox.net/vk/""maiores""""Pacocha"".png""Kulas"".png",524597,,1,"2021-01-17 22:45:57","2021-01-18 15:25:41"
186,400,"http://dropbox.net/vk/http://dropbox.net/vk/""fugiat""""Ankunding"".jpeg""Runte"".avi",515687,,3,"2021-01-17 22:45:57","2021-01-18 15:25:41"
187,264,"http://dropbox.net/vk/http://dropbox.net/vk/""nesciunt""""Beier"".avi""O'Connell"".jpeg",994648,,3,"2021-01-17 22:45:57","2021-01-18 15:25:41"
188,119,"http://dropbox.net/vk/http://dropbox.net/vk/""dolorem""""Satterfield"".mpeg""Dickens"".mpeg",416180,,3,"2021-01-17 22:45:57","2021-01-18 15:25:41"
189,209,"http://dropbox.net/vk/http://dropbox.net/vk/""itaque""""Blick"".mpeg""Hegmann"".mpeg",86954,,3,"2021-01-17 22:45:57","2021-01-18 15:25:41"
190,284,"http://dropbox.net/vk/http://dropbox.net/vk/""assumenda""""Kautzer"".avi""Brown"".avi",176230,,3,"2021-01-17 22:45:57","2021-01-18 15:25:41"
191,390,"http://dropbox.net/vk/http://dropbox.net/vk/""odio""""Keebler"".avi""Mraz"".jpeg",610291,,1,"2021-01-17 22:45:57","2021-01-18 15:25:41"
192,286,"http://dropbox.net/vk/http://dropbox.net/vk/""excepturi""""Metz"".mpeg""Armstrong"".jpeg",512766,,1,"2021-01-17 22:45:57","2021-01-18 15:25:41"
193,262,"http://dropbox.net/vk/http://dropbox.net/vk/""eveniet""""Rolfson"".jpeg""Harris"".avi",722957,,2,"2021-01-17 22:45:57","2021-01-18 15:25:41"
194,48,"http://dropbox.net/vk/http://dropbox.net/vk/""et""""Hackett"".png""Weimann"".mpeg",66489,,3,"2021-01-17 22:45:57","2021-01-18 15:25:41"
195,262,"http://dropbox.net/vk/http://dropbox.net/vk/""et""""Brown"".avi""O'Reilly"".avi",153574,,1,"2021-01-17 22:45:57","2021-01-18 15:25:41"
196,358,"http://dropbox.net/vk/http://dropbox.net/vk/""reiciendis""""Hegmann"".jpeg""Tremblay"".png",558402,,2,"2021-01-17 22:45:57","2021-01-18 15:25:41"
197,196,"http://dropbox.net/vk/http://dropbox.net/vk/""et""""Muller"".jpeg""Effertz"".png",321290,,3,"2021-01-17 22:45:57","2021-01-18 15:25:41"
198,312,"http://dropbox.net/vk/http://dropbox.net/vk/""temporibus""""Stroman"".avi""Gleason"".jpeg",921242,,1,"2021-01-17 22:45:57","2021-01-18 15:25:41"
199,163,"http://dropbox.net/vk/http://dropbox.net/vk/""alias""""Langosh"".mpeg""Dickens"".jpeg",632341,,2,"2021-01-17 22:45:57","2021-01-18 15:25:41"
200,283,"http://dropbox.net/vk/http://dropbox.net/vk/""provident""""Nolan"".jpeg""Hackett"".avi",387982,,3,"2021-01-17 22:45:57","2021-01-18 15:25:41"
201,117,"http://dropbox.net/vk/http://dropbox.net/vk/""ut""""Rowe"".mpeg""Carroll"".avi",32886,,2,"2021-01-17 22:45:57","2021-01-18 15:25:41"
202,142,"http://dropbox.net/vk/http://dropbox.net/vk/""explicabo""""Metz"".jpeg""Walter"".mpeg",990487,,1,"2021-01-17 22:45:57","2021-01-18 15:25:41"
203,360,"http://dropbox.net/vk/http://dropbox.net/vk/""corrupti""""Frami"".jpeg""Huels"".jpeg",843774,,1,"2021-01-17 22:45:57","2021-01-18 15:25:41"
204,158,"http://dropbox.net/vk/http://dropbox.net/vk/""repellendus""""Satterfield"".avi""Cartwright"".mpeg",237410,,1,"2021-01-17 22:45:57","2021-01-18 15:25:41"
205,116,"http://dropbox.net/vk/http://dropbox.net/vk/""et""""Schaden"".avi""Brown"".mpeg",645729,,1,"2021-01-17 22:45:57","2021-01-18 15:25:41"
206,108,"http://dropbox.net/vk/http://dropbox.net/vk/""animi""""Moen"".avi""Weimann"".png",506417,,1,"2021-01-17 22:45:57","2021-01-18 15:25:41"
207,190,"http://dropbox.net/vk/http://dropbox.net/vk/""ut""""Rolfson"".jpeg""Jerde"".png",584899,,1,"2021-01-17 22:45:57","2021-01-18 15:25:41"
208,223,"http://dropbox.net/vk/http://dropbox.net/vk/""fugiat""""Brown"".jpeg""Schiller"".avi",395243,,1,"2021-01-17 22:45:57","2021-01-18 15:25:41"
209,141,"http://dropbox.net/vk/http://dropbox.net/vk/""vel""""Kris"".mpeg""Lebsack"".mpeg",211518,,2,"2021-01-17 22:45:57","2021-01-18 15:25:41"
210,35,"http://dropbox.net/vk/http://dropbox.net/vk/""nobis""""Marvin"".avi""Bruen"".png",861862,,2,"2021-01-17 22:45:57","2021-01-18 15:25:41"
211,158,"http://dropbox.net/vk/http://dropbox.net/vk/""ut""""Cruickshank"".avi""Schaden"".mpeg",664756,,1,"2021-01-17 22:45:57","2021-01-18 15:25:41"
212,279,"http://dropbox.net/vk/http://dropbox.net/vk/""voluptatem""""Wilderman"".mpeg""Gleason"".png",728193,,3,"2021-01-17 22:45:57","2021-01-18 15:25:41"
213,112,"http://dropbox.net/vk/http://dropbox.net/vk/""deserunt""""Gleason"".mpeg""O'Connell"".png",636701,,1,"2021-01-17 22:45:57","2021-01-18 15:25:41"
214,130,"http://dropbox.net/vk/http://dropbox.net/vk/""voluptatibus""""Rolfson"".png""Bruen"".avi",988924,,2,"2021-01-17 22:45:57","2021-01-18 15:25:41"
215,313,"http://dropbox.net/vk/http://dropbox.net/vk/""perferendis""""Streich"".avi""Kiehn"".png",24520,,2,"2021-01-17 22:45:57","2021-01-18 15:25:41"
216,365,"http://dropbox.net/vk/http://dropbox.net/vk/""est""""Cormier"".png""Konopelski"".avi",145826,,2,"2021-01-17 22:45:57","2021-01-18 15:25:41"
217,75,"http://dropbox.net/vk/http://dropbox.net/vk/""quaerat""""Windler"".jpeg""Witting"".png",645572,,1,"2021-01-17 22:45:57","2021-01-18 15:25:41"
218,93,"http://dropbox.net/vk/http://dropbox.net/vk/""occaecati""""Witting"".jpeg""Pacocha"".png",780380,,3,"2021-01-17 22:45:57","2021-01-18 15:25:41"
219,241,"http://dropbox.net/vk/http://dropbox.net/vk/""unde""""Paucek"".png""Mueller"".jpeg",955186,,3,"2021-01-17 22:45:57","2021-01-18 15:25:41"
220,117,"http://dropbox.net/vk/http://dropbox.net/vk/""hic""""Mueller"".avi""Emmerich"".mpeg",424792,,3,"2021-01-17 22:45:57","2021-01-18 15:25:41"
221,268,"http://dropbox.net/vk/http://dropbox.net/vk/""mollitia""""Schinner"".avi""Pacocha"".jpeg",248400,,2,"2021-01-17 22:45:57","2021-01-18 15:25:41"
222,179,"http://dropbox.net/vk/http://dropbox.net/vk/""error""""Dicki"".mpeg""Quigley"".jpeg",957627,,2,"2021-01-17 22:45:57","2021-01-18 15:25:41"
223,92,"http://dropbox.net/vk/http://dropbox.net/vk/""sunt""""Balistreri"".jpeg""Quigley"".png",32933,,2,"2021-01-17 22:45:57","2021-01-18 15:25:41"
224,329,"http://dropbox.net/vk/http://dropbox.net/vk/""est""""Wunsch"".mpeg""Schmidt"".png",281785,,3,"2021-01-17 22:45:57","2021-01-18 15:25:41"
225,153,"http://dropbox.net/vk/http://dropbox.net/vk/""odio""""Beatty"".png""Wilderman"".jpeg",300127,,3,"2021-01-17 22:45:57","2021-01-18 15:25:41"
226,184,"http://dropbox.net/vk/http://dropbox.net/vk/""officiis""""Kulas"".png""Witting"".jpeg",645279,,2,"2021-01-17 22:45:57","2021-01-18 15:25:41"
227,57,"http://dropbox.net/vk/http://dropbox.net/vk/""tenetur""""Hoeger"".jpeg""Carroll"".avi",316017,,3,"2021-01-17 22:45:57","2021-01-18 15:25:41"
228,137,"http://dropbox.net/vk/http://dropbox.net/vk/""sapiente""""Kautzer"".png""Prohaska"".jpeg",634246,,1,"2021-01-17 22:45:57","2021-01-18 15:25:41"
229,109,"http://dropbox.net/vk/http://dropbox.net/vk/""neque""""Kessler"".mpeg""Schoen"".png",213179,,3,"2021-01-17 22:45:57","2021-01-18 15:25:41"
230,135,"http://dropbox.net/vk/http://dropbox.net/vk/""illo""""Schneider"".jpeg""Ankunding"".avi",153157,,2,"2021-01-17 22:45:57","2021-01-18 15:25:41"
231,347,"http://dropbox.net/vk/http://dropbox.net/vk/""at""""Wolff"".mpeg""Lang"".png",116250,,1,"2021-01-17 22:45:57","2021-01-18 15:25:41"
232,118,"http://dropbox.net/vk/http://dropbox.net/vk/""voluptas""""Veum"".jpeg""Grant"".avi",111780,,1,"2021-01-17 22:45:57","2021-01-18 15:25:41"
233,361,"http://dropbox.net/vk/http://dropbox.net/vk/""explicabo""""Carroll"".avi""O'Reilly"".png",200152,,2,"2021-01-17 22:45:57","2021-01-18 15:25:41"
234,234,"http://dropbox.net/vk/http://dropbox.net/vk/""omnis""""Wilderman"".mpeg""Gibson"".avi",655419,,3,"2021-01-17 22:45:57","2021-01-18 15:25:41"
235,86,"http://dropbox.net/vk/http://dropbox.net/vk/""porro""""Prohaska"".png""Marvin"".jpeg",666639,,1,"2021-01-17 22:45:57","2021-01-18 15:25:41"
236,137,"http://dropbox.net/vk/http://dropbox.net/vk/""placeat""""Gleason"".jpeg""Carroll"".mpeg",356937,,2,"2021-01-17 22:45:57","2021-01-18 15:25:41"
237,19,"http://dropbox.net/vk/http://dropbox.net/vk/""culpa""""Schoen"".avi""Corkery"".jpeg",774771,,1,"2021-01-17 22:45:57","2021-01-18 15:25:41"
238,93,"http://dropbox.net/vk/http://dropbox.net/vk/""repudiandae""""Schiller"".mpeg""Auer"".jpeg",793046,,1,"2021-01-17 22:45:57","2021-01-18 15:25:41"
239,1,"http://dropbox.net/vk/http://dropbox.net/vk/""atque""""Kulas"".png""Bednar"".png",630914,,3,"2021-01-17 22:45:57","2021-01-18 15:25:41"
240,131,"http://dropbox.net/vk/http://dropbox.net/vk/""placeat""""Bode"".jpeg""Cruickshank"".mpeg",765436,,3,"2021-01-17 22:45:57","2021-01-18 15:25:41"
241,249,"http://dropbox.net/vk/http://dropbox.net/vk/""voluptas""""Herman"".png""Macejkovic"".avi",924436,,1,"2021-01-17 22:45:57","2021-01-18 15:25:41"
242,42,"http://dropbox.net/vk/http://dropbox.net/vk/""et""""Beier"".avi""Grant"".jpeg",315873,,1,"2021-01-17 22:45:57","2021-01-18 15:25:41"
243,274,"http://dropbox.net/vk/http://dropbox.net/vk/""voluptate""""Veum"".mpeg""Nolan"".png",796057,,1,"2021-01-17 22:45:57","2021-01-18 15:25:41"
244,29,"http://dropbox.net/vk/http://dropbox.net/vk/""voluptas""""Hegmann"".mpeg""Funk"".avi",22666,,2,"2021-01-17 22:45:57","2021-01-18 15:25:41"
245,134,"http://dropbox.net/vk/http://dropbox.net/vk/""perspiciatis""""Carter"".jpeg""Green"".avi",715162,,1,"2021-01-17 22:45:57","2021-01-18 15:25:41"
246,177,"http://dropbox.net/vk/http://dropbox.net/vk/""qui""""Graham"".mpeg""O'Keefe"".mpeg",497812,,1,"2021-01-17 22:45:57","2021-01-18 15:25:41"
247,78,"http://dropbox.net/vk/http://dropbox.net/vk/""enim""""Cartwright"".jpeg""Schowalter"".png",333575,,1,"2021-01-17 22:45:57","2021-01-18 15:25:41"
248,265,"http://dropbox.net/vk/http://dropbox.net/vk/""eligendi""""Lesch"".avi""Batz"".jpeg",164440,,2,"2021-01-17 22:45:57","2021-01-18 15:25:41"
249,281,"http://dropbox.net/vk/http://dropbox.net/vk/""corrupti""""Lesch"".png""Fisher"".mpeg",811476,,3,"2021-01-17 22:45:57","2021-01-18 15:25:41"
250,206,"http://dropbox.net/vk/http://dropbox.net/vk/""fuga""""Schaden"".mpeg""Marvin"".jpeg",554061,,3,"2021-01-17 22:45:57","2021-01-18 15:25:41"
251,189,"http://dropbox.net/vk/http://dropbox.net/vk/""non""""Moen"".jpeg""Kessler"".jpeg",325877,,1,"2021-01-17 22:45:57","2021-01-18 15:25:41"
252,328,"http://dropbox.net/vk/http://dropbox.net/vk/""ipsam""""Mertz"".png""Keebler"".avi",957204,,1,"2021-01-17 22:45:57","2021-01-18 15:25:41"
253,265,"http://dropbox.net/vk/http://dropbox.net/vk/""autem""""Torphy"".avi""Streich"".mpeg",798389,,1,"2021-01-17 22:45:57","2021-01-18 15:25:41"
254,338,"http://dropbox.net/vk/http://dropbox.net/vk/""expedita""""Metz"".mpeg""Dibbert"".jpeg",110331,,2,"2021-01-17 22:45:57","2021-01-18 15:25:41"
255,85,"http://dropbox.net/vk/http://dropbox.net/vk/""sunt""""Rosenbaum"".mpeg""Carter"".mpeg",146490,,3,"2021-01-17 22:45:57","2021-01-18 15:25:41"
256,224,"http://dropbox.net/vk/http://dropbox.net/vk/""aliquid""""Streich"".png""Schneider"".jpeg",391456,,3,"2021-01-17 22:45:57","2021-01-18 15:25:41"
257,55,"http://dropbox.net/vk/http://dropbox.net/vk/""nulla""""Pacocha"".png""Marvin"".jpeg",507813,,1,"2021-01-17 22:45:57","2021-01-18 15:25:41"
258,6,"http://dropbox.net/vk/http://dropbox.net/vk/""eius""""Franecki"".avi""Moen"".jpeg",354695,,2,"2021-01-17 22:45:57","2021-01-18 15:25:41"
259,273,"http://dropbox.net/vk/http://dropbox.net/vk/""et""""Wilderman"".avi""Keebler"".avi",240036,,3,"2021-01-17 22:45:57","2021-01-18 15:25:41"
260,131,"http://dropbox.net/vk/http://dropbox.net/vk/""quia""""Hegmann"".png""Kulas"".jpeg",126096,,1,"2021-01-17 22:45:57","2021-01-18 15:25:41"
261,242,"http://dropbox.net/vk/http://dropbox.net/vk/""quisquam""""Jerde"".png""O'Reilly"".mpeg",900375,,1,"2021-01-17 22:45:57","2021-01-18 15:25:41"
262,6,"http://dropbox.net/vk/http://dropbox.net/vk/""iure""""Hackett"".mpeg""Leffler"".jpeg",113586,,3,"2021-01-17 22:45:57","2021-01-18 15:25:41"
263,114,"http://dropbox.net/vk/http://dropbox.net/vk/""ipsam""""Emmerich"".avi""Marvin"".avi",856804,,3,"2021-01-17 22:45:57","2021-01-18 15:25:41"
264,149,"http://dropbox.net/vk/http://dropbox.net/vk/""molestias""""Gibson"".avi""Fahey"".mpeg",933262,,2,"2021-01-17 22:45:57","2021-01-18 15:25:41"
265,404,"http://dropbox.net/vk/http://dropbox.net/vk/""sed""""Ondricka"".avi""Jerde"".mpeg",85900,,1,"2021-01-17 22:45:57","2021-01-18 15:25:41"
266,357,"http://dropbox.net/vk/http://dropbox.net/vk/""aut""""O'Connell"".avi""Cruickshank"".avi",619715,,2,"2021-01-17 22:45:57","2021-01-18 15:25:41"
267,168,"http://dropbox.net/vk/http://dropbox.net/vk/""est""""Auer"".mpeg""O'Reilly"".png",830877,,2,"2021-01-17 22:45:57","2021-01-18 15:25:41"
268,176,"http://dropbox.net/vk/http://dropbox.net/vk/""est""""Prohaska"".mpeg""Ledner"".avi",285238,,2,"2021-01-17 22:45:57","2021-01-18 15:25:41"
269,378,"http://dropbox.net/vk/http://dropbox.net/vk/""officiis""""Paucek"".avi""Brown"".jpeg",923558,,3,"2021-01-17 22:45:57","2021-01-18 15:25:41"
270,146,"http://dropbox.net/vk/http://dropbox.net/vk/""et""""Kiehn"".mpeg""Ruecker"".png",752080,,2,"2021-01-17 22:45:57","2021-01-18 15:25:41"
271,0,"http://dropbox.net/vk/http://dropbox.net/vk/""provident""""Blick"".jpeg""Bednar"".avi",979725,,2,"2021-01-17 22:45:57","2021-01-18 15:25:41"
272,372,"http://dropbox.net/vk/http://dropbox.net/vk/""dolorem""""Lebsack"".jpeg""Streich"".avi",632388,,1,"2021-01-17 22:45:57","2021-01-18 15:25:41"
273,241,"http://dropbox.net/vk/http://dropbox.net/vk/""ad""""Konopelski"".png""Carter"".jpeg",212763,,1,"2021-01-17 22:45:57","2021-01-18 15:25:41"
274,88,"http://dropbox.net/vk/http://dropbox.net/vk/""esse""""Effertz"".png""Weimann"".png",156651,,1,"2021-01-17 22:45:57","2021-01-18 15:25:41"
275,125,"http://dropbox.net/vk/http://dropbox.net/vk/""eligendi""""Renner"".png""Marvin"".jpeg",134968,,3,"2021-01-17 22:45:57","2021-01-18 15:25:41"
276,359,"http://dropbox.net/vk/http://dropbox.net/vk/""quia""""Baumbach"".jpeg""Baumbach"".mpeg",194888,,3,"2021-01-17 22:45:57","2021-01-18 15:25:41"
277,206,"http://dropbox.net/vk/http://dropbox.net/vk/""officiis""""Larson"".png""O'Keefe"".png",559536,,1,"2021-01-17 22:45:57","2021-01-18 15:25:41"
278,358,"http://dropbox.net/vk/http://dropbox.net/vk/""in""""Stanton"".jpeg""Sipes"".png",203015,,3,"2021-01-17 22:45:57","2021-01-18 15:25:41"
279,363,"http://dropbox.net/vk/http://dropbox.net/vk/""magni""""Rosenbaum"".png""Wunsch"".avi",326471,,2,"2021-01-17 22:45:57","2021-01-18 15:25:41"
280,336,"http://dropbox.net/vk/http://dropbox.net/vk/""aliquam""""Batz"".jpeg""Prohaska"".png",13307,,2,"2021-01-17 22:45:57","2021-01-18 15:25:41"
281,186,"http://dropbox.net/vk/http://dropbox.net/vk/""ut""""O'Keefe"".mpeg""Schiller"".mpeg",77126,,1,"2021-01-17 22:45:57","2021-01-18 15:25:41"
282,329,"http://dropbox.net/vk/http://dropbox.net/vk/""officia""""Ondricka"".png""Carter"".avi",335706,,2,"2021-01-17 22:45:57","2021-01-18 15:25:41"
283,279,"http://dropbox.net/vk/http://dropbox.net/vk/""sint""""Fahey"".avi""Balistreri"".jpeg",437154,,2,"2021-01-17 22:45:57","2021-01-18 15:25:41"
284,1,"http://dropbox.net/vk/http://dropbox.net/vk/""praesentium""""Dickens"".avi""Treutel"".avi",168654,,3,"2021-01-17 22:45:57","2021-01-18 15:25:41"
285,385,"http://dropbox.net/vk/http://dropbox.net/vk/""qui""""Hoeger"".jpeg""Bednar"".avi",521810,,2,"2021-01-17 22:45:57","2021-01-18 15:25:41"
286,300,"http://dropbox.net/vk/http://dropbox.net/vk/""aut""""Stracke"".avi""O'Keefe"".mpeg",93085,,1,"2021-01-17 22:45:57","2021-01-18 15:25:41"
287,348,"http://dropbox.net/vk/http://dropbox.net/vk/""maiores""""Upton"".jpeg""Bruen"".avi",889996,,1,"2021-01-17 22:45:57","2021-01-18 15:25:41"
288,30,"http://dropbox.net/vk/http://dropbox.net/vk/""consequatur""""O'Keefe"".avi""Sipes"".jpeg",160727,,3,"2021-01-17 22:45:57","2021-01-18 15:25:41"
289,321,"http://dropbox.net/vk/http://dropbox.net/vk/""odio""""Wunsch"".avi""Treutel"".avi",123647,,2,"2021-01-17 22:45:57","2021-01-18 15:25:41"
290,300,"http://dropbox.net/vk/http://dropbox.net/vk/""aut""""Upton"".jpeg""Schmidt"".avi",126054,,1,"2021-01-17 22:45:57","2021-01-18 15:25:41"
291,134,"http://dropbox.net/vk/http://dropbox.net/vk/""iure""""Walter"".jpeg""Stroman"".avi",249329,,2,"2021-01-17 22:45:57","2021-01-18 15:25:41"
292,174,"http://dropbox.net/vk/http://dropbox.net/vk/""perspiciatis""""Dickens"".mpeg""Frami"".avi",858483,,1,"2021-01-17 22:45:57","2021-01-18 15:25:41"
293,62,"http://dropbox.net/vk/http://dropbox.net/vk/""numquam""""Keebler"".mpeg""Frami"".png",534430,,3,"2021-01-17 22:45:57","2021-01-18 15:25:41"
294,196,"http://dropbox.net/vk/http://dropbox.net/vk/""maiores""""Armstrong"".png""Keebler"".jpeg",86699,,1,"2021-01-17 22:45:57","2021-01-18 15:25:41"
295,391,"http://dropbox.net/vk/http://dropbox.net/vk/""mollitia""""Bruen"".png""Satterfield"".jpeg",820209,,1,"2021-01-17 22:45:57","2021-01-18 15:25:41"
296,149,"http://dropbox.net/vk/http://dropbox.net/vk/""rerum""""Schiller"".jpeg""Windler"".avi",830946,,2,"2021-01-17 22:45:57","2021-01-18 15:25:41"
297,385,"http://dropbox.net/vk/http://dropbox.net/vk/""magnam""""Keebler"".png""Metz"".png",684105,,1,"2021-01-17 22:45:57","2021-01-18 15:25:41"
298,261,"http://dropbox.net/vk/http://dropbox.net/vk/""odit""""Ankunding"".avi""Kautzer"".png",917687,,3,"2021-01-17 22:45:57","2021-01-18 15:25:41"
299,150,"http://dropbox.net/vk/http://dropbox.net/vk/""doloribus""""Schaefer"".avi""Pacocha"".mpeg",526119,,2,"2021-01-17 22:45:57","2021-01-18 15:25:41"
300,375,"http://dropbox.net/vk/http://dropbox.net/vk/""quas""""Reichel"".avi""Mertz"".png",867536,,3,"2021-01-17 22:45:57","2021-01-18 15:25:41"
301,210,"http://dropbox.net/vk/http://dropbox.net/vk/""tempore""""Weimann"".jpeg""Torphy"".avi",749322,,3,"2021-01-17 22:45:57","2021-01-18 15:25:41"
302,332,"http://dropbox.net/vk/http://dropbox.net/vk/""ut""""Balistreri"".avi""Fisher"".png",134004,,3,"2021-01-17 22:45:57","2021-01-18 15:25:41"
303,217,"http://dropbox.net/vk/http://dropbox.net/vk/""sit""""Rowe"".mpeg""King"".png",412053,,2,"2021-01-17 22:45:57","2021-01-18 15:25:41"
304,92,"http://dropbox.net/vk/http://dropbox.net/vk/""et""""Brown"".png""Ondricka"".png",648253,,3,"2021-01-17 22:45:57","2021-01-18 15:25:41"
305,214,"http://dropbox.net/vk/http://dropbox.net/vk/""et""""Beier"".avi""Mueller"".avi",995109,,1,"2021-01-17 22:45:57","2021-01-18 15:25:41"
306,389,"http://dropbox.net/vk/http://dropbox.net/vk/""occaecati""""Bode"".jpeg""Renner"".avi",20786,,1,"2021-01-17 22:45:57","2021-01-18 15:25:41"
307,87,"http://dropbox.net/vk/http://dropbox.net/vk/""assumenda""""Paucek"".png""Ledner"".mpeg",108604,,2,"2021-01-17 22:45:57","2021-01-18 15:25:41"
308,80,"http://dropbox.net/vk/http://dropbox.net/vk/""necessitatibus""""Lebsack"".avi""Stracke"".png",470661,,1,"2021-01-17 22:45:57","2021-01-18 15:25:41"
309,139,"http://dropbox.net/vk/http://dropbox.net/vk/""molestias""""Torphy"".png""Torphy"".png",17494,,1,"2021-01-17 22:45:57","2021-01-18 15:25:41"
310,52,"http://dropbox.net/vk/http://dropbox.net/vk/""harum""""Carter"".jpeg""Bednar"".jpeg",665488,,2,"2021-01-17 22:45:57","2021-01-18 15:25:41"
311,247,"http://dropbox.net/vk/http://dropbox.net/vk/""sint""""O'Keefe"".png""Gleason"".png",264959,,3,"2021-01-17 22:45:57","2021-01-18 15:25:41"
312,272,"http://dropbox.net/vk/http://dropbox.net/vk/""recusandae""""Streich"".jpeg""Quitzon"".mpeg",318329,,3,"2021-01-17 22:45:57","2021-01-18 15:25:41"
313,212,"http://dropbox.net/vk/http://dropbox.net/vk/""aut""""Brown"".jpeg""Tremblay"".avi",786770,,1,"2021-01-17 22:45:57","2021-01-18 15:25:41"
314,243,"http://dropbox.net/vk/http://dropbox.net/vk/""natus""""King"".png""Leffler"".avi",968862,,1,"2021-01-17 22:45:57","2021-01-18 15:25:41"
315,178,"http://dropbox.net/vk/http://dropbox.net/vk/""vel""""Streich"".jpeg""Lesch"".mpeg",474001,,2,"2021-01-17 22:45:57","2021-01-18 15:25:41"
316,160,"http://dropbox.net/vk/http://dropbox.net/vk/""optio""""Keebler"".avi""Schuppe"".avi",453420,,1,"2021-01-17 22:45:57","2021-01-18 15:25:41"
317,268,"http://dropbox.net/vk/http://dropbox.net/vk/""ea""""Wilderman"".mpeg""Ryan"".jpeg",835098,,1,"2021-01-17 22:45:57","2021-01-18 15:25:41"
318,48,"http://dropbox.net/vk/http://dropbox.net/vk/""nobis""""Metz"".mpeg""Zemlak"".mpeg",805232,,1,"2021-01-17 22:45:57","2021-01-18 15:25:41"
319,250,"http://dropbox.net/vk/http://dropbox.net/vk/""debitis""""Schneider"".mpeg""Dicki"".mpeg",510866,,3,"2021-01-17 22:45:57","2021-01-18 15:25:41"
320,293,"http://dropbox.net/vk/http://dropbox.net/vk/""facere""""Muller"".jpeg""Brekke"".jpeg",128636,,3,"2021-01-17 22:45:57","2021-01-18 15:25:41"
321,313,"http://dropbox.net/vk/http://dropbox.net/vk/""natus""""Schiller"".jpeg""Walter"".avi",100580,,2,"2021-01-17 22:45:57","2021-01-18 15:25:41"
322,283,"http://dropbox.net/vk/http://dropbox.net/vk/""ad""""Keebler"".avi""Hegmann"".avi",106995,,2,"2021-01-17 22:45:57","2021-01-18 15:25:41"
323,68,"http://dropbox.net/vk/http://dropbox.net/vk/""sit""""O'Reilly"".mpeg""Schaefer"".jpeg",223235,,1,"2021-01-17 22:45:57","2021-01-18 15:25:41"
324,302,"http://dropbox.net/vk/http://dropbox.net/vk/""reprehenderit""""O'Reilly"".avi""Emmerich"".mpeg",785191,,2,"2021-01-17 22:45:57","2021-01-18 15:25:41"
325,92,"http://dropbox.net/vk/http://dropbox.net/vk/""qui""""King"".jpeg""Schuppe"".avi",246250,,1,"2021-01-17 22:45:57","2021-01-18 15:25:41"
326,365,"http://dropbox.net/vk/http://dropbox.net/vk/""quod""""Beier"".png""Pacocha"".mpeg",865679,,2,"2021-01-17 22:45:57","2021-01-18 15:25:41"
327,333,"http://dropbox.net/vk/http://dropbox.net/vk/""voluptatibus""""Schuppe"".jpeg""Ankunding"".jpeg",579645,,2,"2021-01-17 22:45:57","2021-01-18 15:25:41"
328,165,"http://dropbox.net/vk/http://dropbox.net/vk/""voluptate""""Fay"".mpeg""Fay"".avi",291189,,3,"2021-01-17 22:45:57","2021-01-18 15:25:41"
329,232,"http://dropbox.net/vk/http://dropbox.net/vk/""dolorum""""Beatty"".png""Fisher"".png",707008,,1,"2021-01-17 22:45:57","2021-01-18 15:25:41"
330,259,"http://dropbox.net/vk/http://dropbox.net/vk/""fugiat""""Marvin"".avi""Treutel"".avi",651477,,3,"2021-01-17 22:45:57","2021-01-18 15:25:41"
331,197,"http://dropbox.net/vk/http://dropbox.net/vk/""optio""""Fahey"".jpeg""Reichel"".jpeg",126360,,2,"2021-01-17 22:45:57","2021-01-18 15:25:41"
332,209,"http://dropbox.net/vk/http://dropbox.net/vk/""officia""""Ruecker"".jpeg""Funk"".jpeg",667370,,2,"2021-01-17 22:45:57","2021-01-18 15:25:41"
333,48,"http://dropbox.net/vk/http://dropbox.net/vk/""quia""""Keebler"".avi""Fay"".mpeg",947772,,3,"2021-01-17 22:45:57","2021-01-18 15:25:41"
334,19,"http://dropbox.net/vk/http://dropbox.net/vk/""repudiandae""""Gleason"".mpeg""Runte"".mpeg",726748,,3,"2021-01-17 22:45:57","2021-01-18 15:25:41"
335,356,"http://dropbox.net/vk/http://dropbox.net/vk/""ea""""Witting"".mpeg""Schmitt"".avi",780425,,3,"2021-01-17 22:45:57","2021-01-18 15:25:41"
336,102,"http://dropbox.net/vk/http://dropbox.net/vk/""nesciunt""""Steuber"".jpeg""Marvin"".png",711881,,3,"2021-01-17 22:45:57","2021-01-18 15:25:41"
337,255,"http://dropbox.net/vk/http://dropbox.net/vk/""ipsum""""Witting"".mpeg""Collier"".png",208130,,1,"2021-01-17 22:45:57","2021-01-18 15:25:41"
338,159,"http://dropbox.net/vk/http://dropbox.net/vk/""temporibus""""Veum"".jpeg""Konopelski"".png",895007,,1,"2021-01-17 22:45:57","2021-01-18 15:25:41"
339,31,"http://dropbox.net/vk/http://dropbox.net/vk/""natus""""Paucek"".jpeg""Emmerich"".png",840645,,3,"2021-01-17 22:45:57","2021-01-18 15:25:41"
340,82,"http://dropbox.net/vk/http://dropbox.net/vk/""nihil""""Dicki"".mpeg""Batz"".mpeg",508205,,3,"2021-01-17 22:45:57","2021-01-18 15:25:41"
341,320,"http://dropbox.net/vk/http://dropbox.net/vk/""fugit""""Lang"".png""Quigley"".png",1009092,,3,"2021-01-17 22:45:57","2021-01-18 15:25:41"
342,138,"http://dropbox.net/vk/http://dropbox.net/vk/""accusamus""""Paucek"".avi""Schoen"".mpeg",510846,,1,"2021-01-17 22:45:57","2021-01-18 15:25:41"
343,136,"http://dropbox.net/vk/http://dropbox.net/vk/""consequatur""""Paucek"".mpeg""Marvin"".png",516955,,2,"2021-01-17 22:45:57","2021-01-18 15:25:41"
344,267,"http://dropbox.net/vk/http://dropbox.net/vk/""minus""""Schaefer"".png""Brown"".png",42235,,2,"2021-01-17 22:45:57","2021-01-18 15:25:41"
345,119,"http://dropbox.net/vk/http://dropbox.net/vk/""veniam""""Treutel"".png""Hoeger"".avi",650312,,2,"2021-01-17 22:45:57","2021-01-18 15:25:41"
346,197,"http://dropbox.net/vk/http://dropbox.net/vk/""id""""Rowe"".jpeg""Conn"".mpeg",114856,,1,"2021-01-17 22:45:57","2021-01-18 15:25:41"
347,226,"http://dropbox.net/vk/http://dropbox.net/vk/""velit""""Konopelski"".mpeg""Lesch"".png",613343,,3,"2021-01-17 22:45:57","2021-01-18 15:25:41"
348,132,"http://dropbox.net/vk/http://dropbox.net/vk/""omnis""""Satterfield"".jpeg""Keebler"".jpeg",712149,,3,"2021-01-17 22:45:57","2021-01-18 15:25:41"
349,388,"http://dropbox.net/vk/http://dropbox.net/vk/""vitae""""Dickens"".mpeg""Auer"".avi",710717,,3,"2021-01-17 22:45:57","2021-01-18 15:25:41"
350,332,"http://dropbox.net/vk/http://dropbox.net/vk/""vel""""Keebler"".png""Kiehn"".avi",407140,,3,"2021-01-17 22:45:57","2021-01-18 15:25:41"
351,89,"http://dropbox.net/vk/http://dropbox.net/vk/""qui""""Vandervort"".avi""Fisher"".avi",893548,,1,"2021-01-17 22:45:57","2021-01-18 15:25:41"
352,259,"http://dropbox.net/vk/http://dropbox.net/vk/""tempore""""Corkery"".avi""Satterfield"".mpeg",236319,,2,"2021-01-17 22:45:57","2021-01-18 15:25:41"
353,220,"http://dropbox.net/vk/http://dropbox.net/vk/""omnis""""Prohaska"".avi""Balistreri"".png",490953,,3,"2021-01-17 22:45:57","2021-01-18 15:25:41"
354,323,"http://dropbox.net/vk/http://dropbox.net/vk/""voluptas""""O'Keefe"".jpeg""Balistreri"".avi",735808,,2,"2021-01-17 22:45:57","2021-01-18 15:25:41"
355,146,"http://dropbox.net/vk/http://dropbox.net/vk/""iste""""Stroman"".mpeg""Beatty"".avi",196183,,1,"2021-01-17 22:45:57","2021-01-18 15:25:41"
356,165,"http://dropbox.net/vk/http://dropbox.net/vk/""modi""""Bednar"".jpeg""Keebler"".jpeg",763491,,1,"2021-01-17 22:45:57","2021-01-18 15:25:41"
357,390,"http://dropbox.net/vk/http://dropbox.net/vk/""eum""""Pacocha"".jpeg""Hackett"".mpeg",218904,,3,"2021-01-17 22:45:57","2021-01-18 15:25:41"
358,241,"http://dropbox.net/vk/http://dropbox.net/vk/""ut""""O'Reilly"".png""Bradtke"".avi",794051,,1,"2021-01-17 22:45:57","2021-01-18 15:25:41"
359,34,"http://dropbox.net/vk/http://dropbox.net/vk/""quibusdam""""Brekke"".mpeg""Moen"".png",303541,,2,"2021-01-17 22:45:57","2021-01-18 15:25:41"
360,257,"http://dropbox.net/vk/http://dropbox.net/vk/""qui""""Frami"".mpeg""Fahey"".png",125552,,2,"2021-01-17 22:45:57","2021-01-18 15:25:41"
361,374,"http://dropbox.net/vk/http://dropbox.net/vk/""laudantium""""Walter"".avi""Keebler"".mpeg",707137,,3,"2021-01-17 22:45:57","2021-01-18 15:25:41"
362,288,"http://dropbox.net/vk/http://dropbox.net/vk/""labore""""Veum"".png""Bednar"".jpeg",149032,,3,"2021-01-17 22:45:57","2021-01-18 15:25:41"
363,319,"http://dropbox.net/vk/http://dropbox.net/vk/""labore""""Langosh"".jpeg""Streich"".png",613749,,2,"2021-01-17 22:45:57","2021-01-18 15:25:41"
364,327,"http://dropbox.net/vk/http://dropbox.net/vk/""dicta""""Kulas"".mpeg""Funk"".avi",611650,,3,"2021-01-17 22:45:57","2021-01-18 15:25:41"
365,275,"http://dropbox.net/vk/http://dropbox.net/vk/""nemo""""Steuber"".jpeg""Metz"".jpeg",207004,,2,"2021-01-17 22:45:57","2021-01-18 15:25:41"
366,393,"http://dropbox.net/vk/http://dropbox.net/vk/""natus""""Steuber"".mpeg""Zemlak"".png",190070,,1,"2021-01-17 22:45:57","2021-01-18 15:25:41"
367,329,"http://dropbox.net/vk/http://dropbox.net/vk/""distinctio""""Ledner"".png""Emmerich"".jpeg",319340,,1,"2021-01-17 22:45:57","2021-01-18 15:25:41"
368,61,"http://dropbox.net/vk/http://dropbox.net/vk/""eum""""Corkery"".avi""Paucek"".jpeg",16491,,2,"2021-01-17 22:45:57","2021-01-18 15:25:41"
369,130,"http://dropbox.net/vk/http://dropbox.net/vk/""nemo""""Corkery"".mpeg""Lebsack"".png",114436,,1,"2021-01-17 22:45:57","2021-01-18 15:25:41"
370,64,"http://dropbox.net/vk/http://dropbox.net/vk/""sint""""Keebler"".mpeg""Brown"".avi",512706,,1,"2021-01-17 22:45:57","2021-01-18 15:25:41"
371,335,"http://dropbox.net/vk/http://dropbox.net/vk/""nesciunt""""Mueller"".png""Cartwright"".mpeg",210223,,3,"2021-01-17 22:45:57","2021-01-18 15:25:41"
372,267,"http://dropbox.net/vk/http://dropbox.net/vk/""molestias""""Fahey"".jpeg""Corkery"".mpeg",502997,,1,"2021-01-17 22:45:57","2021-01-18 15:25:41"
373,330,"http://dropbox.net/vk/http://dropbox.net/vk/""rerum""""Tremblay"".mpeg""Gibson"".avi",874318,,1,"2021-01-17 22:45:57","2021-01-18 15:25:41"
374,42,"http://dropbox.net/vk/http://dropbox.net/vk/""aliquam""""Emmerich"".mpeg""Frami"".avi",852598,,1,"2021-01-17 22:45:57","2021-01-18 15:25:41"
375,28,"http://dropbox.net/vk/http://dropbox.net/vk/""perferendis""""Pacocha"".mpeg""Pacocha"".png",630039,,1,"2021-01-17 22:45:57","2021-01-18 15:25:41"
376,15,"http://dropbox.net/vk/http://dropbox.net/vk/""laudantium""""Satterfield"".png""O'Kon"".avi",582398,,1,"2021-01-17 22:45:57","2021-01-18 15:25:41"
377,398,"http://dropbox.net/vk/http://dropbox.net/vk/""error""""Jerde"".jpeg""Veum"".avi",11875,,1,"2021-01-17 22:45:57","2021-01-18 15:25:41"
378,324,"http://dropbox.net/vk/http://dropbox.net/vk/""dolor""""Brown"".mpeg""Walter"".jpeg",302183,,2,"2021-01-17 22:45:57","2021-01-18 15:25:41"
379,23,"http://dropbox.net/vk/http://dropbox.net/vk/""debitis""""Carter"".mpeg""Armstrong"".mpeg",465291,,1,"2021-01-17 22:45:57","2021-01-18 15:25:41"
380,356,"http://dropbox.net/vk/http://dropbox.net/vk/""dolor""""Green"".mpeg""Graham"".png",409907,,3,"2021-01-17 22:45:57","2021-01-18 15:25:41"
381,94,"http://dropbox.net/vk/http://dropbox.net/vk/""omnis""""Lebsack"".avi""Bradtke"".png",643661,,3,"2021-01-17 22:45:57","2021-01-18 15:25:41"
382,212,"http://dropbox.net/vk/http://dropbox.net/vk/""adipisci""""Franecki"".mpeg""Ondricka"".png",978584,,3,"2021-01-17 22:45:57","2021-01-18 15:25:41"
383,374,"http://dropbox.net/vk/http://dropbox.net/vk/""eos""""Schmitt"".mpeg""Streich"".jpeg",951940,,3,"2021-01-17 22:45:57","2021-01-18 15:25:41"
384,19,"http://dropbox.net/vk/http://dropbox.net/vk/""optio""""Herman"".jpeg""Nolan"".jpeg",813948,,1,"2021-01-17 22:45:57","2021-01-18 15:25:41"
385,187,"http://dropbox.net/vk/http://dropbox.net/vk/""dolorem""""Marvin"".png""Torphy"".avi",203920,,3,"2021-01-17 22:45:57","2021-01-18 15:25:41"
386,71,"http://dropbox.net/vk/http://dropbox.net/vk/""voluptatum""""Bruen"".png""Mertz"".jpeg",567755,,2,"2021-01-17 22:45:57","2021-01-18 15:25:41"
387,199,"http://dropbox.net/vk/http://dropbox.net/vk/""autem""""Sipes"".mpeg""Armstrong"".avi",217018,,2,"2021-01-17 22:45:57","2021-01-18 15:25:41"
388,379,"http://dropbox.net/vk/http://dropbox.net/vk/""ut""""Sipes"".mpeg""Carroll"".avi",371827,,3,"2021-01-17 22:45:57","2021-01-18 15:25:41"
389,82,"http://dropbox.net/vk/http://dropbox.net/vk/""ea""""Leffler"".avi""Prohaska"".png",198078,,1,"2021-01-17 22:45:57","2021-01-18 15:25:41"
390,85,"http://dropbox.net/vk/http://dropbox.net/vk/""sapiente""""Conn"".jpeg""Quigley"".png",864911,,1,"2021-01-17 22:45:57","2021-01-18 15:25:41"
391,180,"http://dropbox.net/vk/http://dropbox.net/vk/""eum""""Armstrong"".jpeg""Upton"".jpeg",720322,,1,"2021-01-17 22:45:57","2021-01-18 15:25:41"
392,240,"http://dropbox.net/vk/http://dropbox.net/vk/""et""""Walter"".png""Franecki"".mpeg",996875,,3,"2021-01-17 22:45:57","2021-01-18 15:25:41"
393,254,"http://dropbox.net/vk/http://dropbox.net/vk/""sit""""Mraz"".jpeg""Grant"".png",813412,,1,"2021-01-17 22:45:57","2021-01-18 15:25:41"
394,148,"http://dropbox.net/vk/http://dropbox.net/vk/""perspiciatis""""Quigley"".jpeg""Muller"".jpeg",66434,,1,"2021-01-17 22:45:57","2021-01-18 15:25:41"
395,381,"http://dropbox.net/vk/http://dropbox.net/vk/""beatae""""Schoen"".avi""Leffler"".avi",881934,,3,"2021-01-17 22:45:57","2021-01-18 15:25:41"
396,246,"http://dropbox.net/vk/http://dropbox.net/vk/""sit""""Bode"".png""Torphy"".mpeg",200370,,2,"2021-01-17 22:45:57","2021-01-18 15:25:41"
397,89,"http://dropbox.net/vk/http://dropbox.net/vk/""aspernatur""""Kris"".avi""Metz"".avi",346048,,3,"2021-01-17 22:45:57","2021-01-18 15:25:41"
398,110,"http://dropbox.net/vk/http://dropbox.net/vk/""nemo""""Cruickshank"".jpeg""Powlowski"".jpeg",119132,,1,"2021-01-17 22:45:57","2021-01-18 15:25:41"
399,286,"http://dropbox.net/vk/http://dropbox.net/vk/""voluptatem""""Mueller"".jpeg""Torphy"".jpeg",547515,,2,"2021-01-17 22:45:57","2021-01-18 15:25:41"
400,290,"http://dropbox.net/vk/http://dropbox.net/vk/""et""""Kulas"".avi""Corkery"".jpeg",370179,,1,"2021-01-17 22:45:57","2021-01-18 15:25:41"
401,188,"http://dropbox.net/vk/http://dropbox.net/vk/""dolores""""Kautzer"".mpeg""Kautzer"".avi",198351,,2,"2021-01-17 22:45:57","2021-01-18 15:25:41"
402,70,"http://dropbox.net/vk/http://dropbox.net/vk/""veniam""""Lebsack"".mpeg""Witting"".avi",871217,,1,"2021-01-17 22:45:57","2021-01-18 15:25:41"
403,191,"http://dropbox.net/vk/http://dropbox.net/vk/""necessitatibus""""Cormier"".png""Runte"".png",751034,,3,"2021-01-17 22:45:57","2021-01-18 15:25:41"
404,339,"http://dropbox.net/vk/http://dropbox.net/vk/""tempora""""Brown"".jpeg""Cartwright"".avi",131518,,2,"2021-01-17 22:45:57","2021-01-18 15:25:41"
405,314,"http://dropbox.net/vk/http://dropbox.net/vk/""eveniet""""O'Keefe"".mpeg""Beier"".png",394489,,2,"2021-01-17 22:45:57","2021-01-18 15:25:41"
406,149,"http://dropbox.net/vk/http://dropbox.net/vk/""odit""""Ankunding"".avi""Grant"".mpeg",567890,,1,"2021-01-17 22:45:57","2021-01-18 15:25:41"
407,206,"http://dropbox.net/vk/http://dropbox.net/vk/""praesentium""""Collier"".png""O'Reilly"".avi",645984,,2,"2021-01-17 22:45:57","2021-01-18 15:25:41"
408,180,"http://dropbox.net/vk/http://dropbox.net/vk/""autem""""Grant"".mpeg""Steuber"".jpeg",516253,,3,"2021-01-17 22:45:57","2021-01-18 15:25:41"
409,282,"http://dropbox.net/vk/http://dropbox.net/vk/""veniam""""Cormier"".png""Corkery"".jpeg",633312,,1,"2021-01-17 22:45:57","2021-01-18 15:25:41"
410,61,"http://dropbox.net/vk/http://dropbox.net/vk/""nemo""""Leannon"".avi""Lebsack"".jpeg",607800,,1,"2021-01-17 22:45:57","2021-01-18 15:25:41"
411,269,"http://dropbox.net/vk/http://dropbox.net/vk/""qui""""Collier"".avi""Fisher"".png",129067,,2,"2021-01-17 22:45:57","2021-01-18 15:25:41"
412,351,"http://dropbox.net/vk/http://dropbox.net/vk/""nisi""""Cormier"".mpeg""Upton"".avi",811933,,1,"2021-01-17 22:45:57","2021-01-18 15:25:41"
413,140,"http://dropbox.net/vk/http://dropbox.net/vk/""sequi""""Mueller"".mpeg""Ryan"".avi",662466,,3,"2021-01-17 22:45:57","2021-01-18 15:25:41"
414,52,"http://dropbox.net/vk/http://dropbox.net/vk/""autem""""Steuber"".jpeg""O'Kon"".mpeg",866532,,1,"2021-01-17 22:45:57","2021-01-18 15:25:41"
415,244,"http://dropbox.net/vk/http://dropbox.net/vk/""eveniet""""Jerde"".mpeg""Rosenbaum"".avi",335263,,1,"2021-01-17 22:45:57","2021-01-18 15:25:41"
416,257,"http://dropbox.net/vk/http://dropbox.net/vk/""veritatis""""Carter"".mpeg""Huels"".jpeg",66718,,2,"2021-01-17 22:45:57","2021-01-18 15:25:41"
417,149,"http://dropbox.net/vk/http://dropbox.net/vk/""fugit""""Stracke"".jpeg""Ankunding"".jpeg",317801,,2,"2021-01-17 22:45:57","2021-01-18 15:25:41"
418,377,"http://dropbox.net/vk/http://dropbox.net/vk/""dolor""""Cartwright"".mpeg""Ankunding"".png",378853,,1,"2021-01-17 22:45:57","2021-01-18 15:25:41"
419,223,"http://dropbox.net/vk/http://dropbox.net/vk/""architecto""""Hoeger"".png""Cartwright"".png",930861,,3,"2021-01-17 22:45:57","2021-01-18 15:25:41"
420,389,"http://dropbox.net/vk/http://dropbox.net/vk/""debitis""""Keebler"".mpeg""Steuber"".jpeg",507747,,3,"2021-01-17 22:45:57","2021-01-18 15:25:41"
421,63,"http://dropbox.net/vk/http://dropbox.net/vk/""quibusdam""""Dicki"".png""Mraz"".avi",736154,,3,"2021-01-17 22:45:57","2021-01-18 15:25:41"
422,365,"http://dropbox.net/vk/http://dropbox.net/vk/""consequatur""""Lebsack"".jpeg""Schinner"".png",147530,,3,"2021-01-17 22:45:57","2021-01-18 15:25:41"
423,14,"http://dropbox.net/vk/http://dropbox.net/vk/""et""""Romaguera"".mpeg""Schinner"".avi",519189,,1,"2021-01-17 22:45:57","2021-01-18 15:25:41"
424,192,"http://dropbox.net/vk/http://dropbox.net/vk/""optio""""Grant"".jpeg""O'Keefe"".avi",143354,,1,"2021-01-17 22:45:57","2021-01-18 15:25:41"
425,108,"http://dropbox.net/vk/http://dropbox.net/vk/""omnis""""Ankunding"".png""Muller"".mpeg",149204,,2,"2021-01-17 22:45:57","2021-01-18 15:25:41"
426,369,"http://dropbox.net/vk/http://dropbox.net/vk/""est""""Brown"".jpeg""Romaguera"".mpeg",305959,,1,"2021-01-17 22:45:57","2021-01-18 15:25:41"
427,306,"http://dropbox.net/vk/http://dropbox.net/vk/""eos""""Torphy"".jpeg""Schaden"".mpeg",72185,,3,"2021-01-17 22:45:57","2021-01-18 15:25:41"
428,18,"http://dropbox.net/vk/http://dropbox.net/vk/""aperiam""""Harris"".mpeg""Marvin"".jpeg",433047,,2,"2021-01-17 22:45:57","2021-01-18 15:25:41"
429,387,"http://dropbox.net/vk/http://dropbox.net/vk/""vitae""""Lang"".jpeg""Armstrong"".png",938679,,1,"2021-01-17 22:45:57","2021-01-18 15:25:41"
430,264,"http://dropbox.net/vk/http://dropbox.net/vk/""optio""""Konopelski"".png""Satterfield"".avi",384257,,2,"2021-01-17 22:45:57","2021-01-18 15:25:41"
431,159,"http://dropbox.net/vk/http://dropbox.net/vk/""qui""""O'Keefe"".avi""Macejkovic"".avi",95249,,1,"2021-01-17 22:45:57","2021-01-18 15:25:41"
432,3,"http://dropbox.net/vk/http://dropbox.net/vk/""reprehenderit""""Satterfield"".png""Macejkovic"".jpeg",313472,,1,"2021-01-17 22:45:57","2021-01-18 15:25:41"
433,348,"http://dropbox.net/vk/http://dropbox.net/vk/""nemo""""Jerde"".mpeg""Ryan"".avi",271614,,1,"2021-01-17 22:45:57","2021-01-18 15:25:41"
434,110,"http://dropbox.net/vk/http://dropbox.net/vk/""doloremque""""Hegmann"".jpeg""Graham"".png",407654,,2,"2021-01-17 22:45:57","2021-01-18 15:25:41"
435,319,"http://dropbox.net/vk/http://dropbox.net/vk/""repellat""""Goyette"".avi""Walter"".jpeg",213427,,1,"2021-01-17 22:45:57","2021-01-18 15:25:41"
436,51,"http://dropbox.net/vk/http://dropbox.net/vk/""incidunt""""Fay"".mpeg""Hintz"".mpeg",834177,,3,"2021-01-17 22:45:57","2021-01-18 15:25:41"
437,107,"http://dropbox.net/vk/http://dropbox.net/vk/""libero""""Auer"".mpeg""Steuber"".jpeg",520604,,3,"2021-01-17 22:45:57","2021-01-18 15:25:41"
438,381,"http://dropbox.net/vk/http://dropbox.net/vk/""et""""Lang"".png""Towne"".jpeg",90489,,2,"2021-01-17 22:45:57","2021-01-18 15:25:41"
439,373,"http://dropbox.net/vk/http://dropbox.net/vk/""voluptatem""""Armstrong"".mpeg""O'Kon"".jpeg",880633,,1,"2021-01-17 22:45:57","2021-01-18 15:25:41"
440,315,"http://dropbox.net/vk/http://dropbox.net/vk/""impedit""""King"".mpeg""Stracke"".jpeg",121697,,2,"2021-01-17 22:45:57","2021-01-18 15:25:41"
441,51,"http://dropbox.net/vk/http://dropbox.net/vk/""at""""Hoeger"".avi""Kulas"".mpeg",956588,,2,"2021-01-17 22:45:57","2021-01-18 15:25:41"
442,123,"http://dropbox.net/vk/http://dropbox.net/vk/""dolorem""""Towne"".jpeg""Rosenbaum"".png",407848,,2,"2021-01-17 22:45:57","2021-01-18 15:25:41"
443,55,"http://dropbox.net/vk/http://dropbox.net/vk/""quia""""Upton"".avi""Quigley"".png",159479,,1,"2021-01-17 22:45:57","2021-01-18 15:25:41"
444,311,"http://dropbox.net/vk/http://dropbox.net/vk/""autem""""Blick"".avi""Romaguera"".mpeg",563850,,2,"2021-01-17 22:45:57","2021-01-18 15:25:41"
445,178,"http://dropbox.net/vk/http://dropbox.net/vk/""non""""Romaguera"".jpeg""Fay"".mpeg",330815,,1,"2021-01-17 22:45:57","2021-01-18 15:25:41"
446,361,"http://dropbox.net/vk/http://dropbox.net/vk/""debitis""""Brown"".png""Nolan"".jpeg",952524,,3,"2021-01-17 22:45:57","2021-01-18 15:25:41"
447,56,"http://dropbox.net/vk/http://dropbox.net/vk/""velit""""Cruickshank"".png""Renner"".png",760177,,3,"2021-01-17 22:45:57","2021-01-18 15:25:41"
448,8,"http://dropbox.net/vk/http://dropbox.net/vk/""dolor""""Dibbert"".png""Vandervort"".avi",933313,,3,"2021-01-17 22:45:57","2021-01-18 15:25:41"
449,276,"http://dropbox.net/vk/http://dropbox.net/vk/""blanditiis""""Sipes"".avi""Bradtke"".mpeg",376035,,1,"2021-01-17 22:45:57","2021-01-18 15:25:41"
450,141,"http://dropbox.net/vk/http://dropbox.net/vk/""veniam""""Goyette"".mpeg""Reynolds"".png",70234,,1,"2021-01-17 22:45:57","2021-01-18 15:25:41"
451,283,"http://dropbox.net/vk/http://dropbox.net/vk/""natus""""Veum"".png""Jerde"".jpeg",213069,,1,"2021-01-17 22:45:57","2021-01-18 15:25:41"
452,181,"http://dropbox.net/vk/http://dropbox.net/vk/""eaque""""Nolan"".jpeg""Carter"".png",844643,,1,"2021-01-17 22:45:57","2021-01-18 15:25:41"
453,59,"http://dropbox.net/vk/http://dropbox.net/vk/""voluptatibus""""Romaguera"".png""Kulas"".jpeg",574007,,2,"2021-01-17 22:45:57","2021-01-18 15:25:41"
454,156,"http://dropbox.net/vk/http://dropbox.net/vk/""eum""""Veum"".png""Schaefer"".jpeg",326109,,2,"2021-01-17 22:45:57","2021-01-18 15:25:41"
455,200,"http://dropbox.net/vk/http://dropbox.net/vk/""sunt""""Beier"".jpeg""Wolff"".png",898521,,2,"2021-01-17 22:45:57","2021-01-18 15:25:41"
456,128,"http://dropbox.net/vk/http://dropbox.net/vk/""et""""Metz"".avi""Beier"".png",504282,,2,"2021-01-17 22:45:57","2021-01-18 15:25:41"
457,39,"http://dropbox.net/vk/http://dropbox.net/vk/""aut""""Steuber"".jpeg""Fahey"".jpeg",815847,,2,"2021-01-17 22:45:57","2021-01-18 15:25:41"
458,218,"http://dropbox.net/vk/http://dropbox.net/vk/""sequi""""Cartwright"".mpeg""Witting"".avi",556390,,1,"2021-01-17 22:45:57","2021-01-18 15:25:41"
459,164,"http://dropbox.net/vk/http://dropbox.net/vk/""tempore""""Ondricka"".mpeg""Grant"".png",324408,,3,"2021-01-17 22:45:57","2021-01-18 15:25:41"
460,164,"http://dropbox.net/vk/http://dropbox.net/vk/""rerum""""Vandervort"".avi""Brown"".jpeg",942871,,1,"2021-01-17 22:45:57","2021-01-18 15:25:41"
461,330,"http://dropbox.net/vk/http://dropbox.net/vk/""aut""""Schinner"".avi""Dibbert"".jpeg",731129,,2,"2021-01-17 22:45:57","2021-01-18 15:25:41"
462,347,"http://dropbox.net/vk/http://dropbox.net/vk/""vel""""Corkery"".mpeg""Lebsack"".avi",817036,,1,"2021-01-17 22:45:57","2021-01-18 15:25:41"
463,342,"http://dropbox.net/vk/http://dropbox.net/vk/""laborum""""Renner"".mpeg""Schaden"".jpeg",881794,,2,"2021-01-17 22:45:57","2021-01-18 15:25:41"
464,265,"http://dropbox.net/vk/http://dropbox.net/vk/""rerum""""Towne"".avi""Stanton"".avi",947862,,2,"2021-01-17 22:45:57","2021-01-18 15:25:41"
465,298,"http://dropbox.net/vk/http://dropbox.net/vk/""nobis""""Powlowski"".png""Macejkovic"".mpeg",83928,,2,"2021-01-17 22:45:57","2021-01-18 15:25:41"
466,291,"http://dropbox.net/vk/http://dropbox.net/vk/""facere""""Zemlak"".avi""Rosenbaum"".avi",566054,,1,"2021-01-17 22:45:57","2021-01-18 15:25:41"
467,157,"http://dropbox.net/vk/http://dropbox.net/vk/""dolorem""""Funk"".png""Veum"".png",568485,,2,"2021-01-17 22:45:57","2021-01-18 15:25:41"
468,319,"http://dropbox.net/vk/http://dropbox.net/vk/""et""""Schaden"".avi""Steuber"".mpeg",134267,,2,"2021-01-17 22:45:57","2021-01-18 15:25:41"
469,313,"http://dropbox.net/vk/http://dropbox.net/vk/""labore""""O'Kon"".png""Schaefer"".mpeg",955877,,1,"2021-01-17 22:45:57","2021-01-18 15:25:41"
470,203,"http://dropbox.net/vk/http://dropbox.net/vk/""perferendis""""Gleason"".jpeg""Schmidt"".mpeg",366586,,3,"2021-01-17 22:45:57","2021-01-18 15:25:41"
471,77,"http://dropbox.net/vk/http://dropbox.net/vk/""fugit""""Cartwright"".jpeg""Dibbert"".avi",955299,,2,"2021-01-17 22:45:57","2021-01-18 15:25:41"
472,181,"http://dropbox.net/vk/http://dropbox.net/vk/""qui""""Graham"".avi""Veum"".mpeg",666740,,3,"2021-01-17 22:45:57","2021-01-18 15:25:41"
473,269,"http://dropbox.net/vk/http://dropbox.net/vk/""est""""Blick"".jpeg""Schaefer"".png",457801,,2,"2021-01-17 22:45:57","2021-01-18 15:25:41"
474,398,"http://dropbox.net/vk/http://dropbox.net/vk/""sapiente""""Dicki"".jpeg""Cruickshank"".mpeg",278785,,2,"2021-01-17 22:45:57","2021-01-18 15:25:41"
475,374,"http://dropbox.net/vk/http://dropbox.net/vk/""quae""""Stanton"".png""Armstrong"".jpeg",10525,,3,"2021-01-17 22:45:57","2021-01-18 15:25:41"
476,269,"http://dropbox.net/vk/http://dropbox.net/vk/""vel""""Schoen"".avi""Cartwright"".avi",206268,,1,"2021-01-17 22:45:57","2021-01-18 15:25:41"
477,226,"http://dropbox.net/vk/http://dropbox.net/vk/""cupiditate""""Mraz"".png""Ankunding"".png",989769,,2,"2021-01-17 22:45:57","2021-01-18 15:25:41"
478,321,"http://dropbox.net/vk/http://dropbox.net/vk/""sint""""Streich"".png""Emmerich"".jpeg",320038,,3,"2021-01-17 22:45:57","2021-01-18 15:25:41"
479,119,"http://dropbox.net/vk/http://dropbox.net/vk/""harum""""Brown"".avi""Collier"".avi",620885,,1,"2021-01-17 22:45:57","2021-01-18 15:25:41"
480,38,"http://dropbox.net/vk/http://dropbox.net/vk/""earum""""Brown"".avi""Wolff"".mpeg",134313,,2,"2021-01-17 22:45:57","2021-01-18 15:25:41"
481,240,"http://dropbox.net/vk/http://dropbox.net/vk/""rerum""""Quitzon"".mpeg""Carter"".mpeg",798911,,2,"2021-01-17 22:45:57","2021-01-18 15:25:41"
482,276,"http://dropbox.net/vk/http://dropbox.net/vk/""minima""""Carter"".avi""Brown"".jpeg",581614,,2,"2021-01-17 22:45:57","2021-01-18 15:25:41"
483,254,"http://dropbox.net/vk/http://dropbox.net/vk/""amet""""Quigley"".mpeg""Carter"".png",501340,,3,"2021-01-17 22:45:57","2021-01-18 15:25:41"
484,37,"http://dropbox.net/vk/http://dropbox.net/vk/""autem""""Ruecker"".png""Schinner"".avi",751859,,1,"2021-01-17 22:45:57","2021-01-18 15:25:41"
485,233,"http://dropbox.net/vk/http://dropbox.net/vk/""odit""""Treutel"".mpeg""Beatty"".avi",245275,,1,"2021-01-17 22:45:57","2021-01-18 15:25:41"
486,246,"http://dropbox.net/vk/http://dropbox.net/vk/""id""""Veum"".avi""Kiehn"".png",960797,,3,"2021-01-17 22:45:57","2021-01-18 15:25:41"
487,124,"http://dropbox.net/vk/http://dropbox.net/vk/""assumenda""""Marvin"".jpeg""Ondricka"".avi",58160,,2,"2021-01-17 22:45:57","2021-01-18 15:25:41"
488,290,"http://dropbox.net/vk/http://dropbox.net/vk/""sed""""Schmitt"".mpeg""Ledner"".jpeg",398409,,2,"2021-01-17 22:45:57","2021-01-18 15:25:41"
489,267,"http://dropbox.net/vk/http://dropbox.net/vk/""laudantium""""Reichel"".jpeg""Fahey"".avi",807568,,2,"2021-01-17 22:45:57","2021-01-18 15:25:41"
490,60,"http://dropbox.net/vk/http://dropbox.net/vk/""aliquam""""Brown"".mpeg""Mraz"".avi",832612,,3,"2021-01-17 22:45:57","2021-01-18 15:25:41"
491,311,"http://dropbox.net/vk/http://dropbox.net/vk/""sunt""""Hintz"".mpeg""Ondricka"".mpeg",730355,,3,"2021-01-17 22:45:57","2021-01-18 15:25:41"
492,159,"http://dropbox.net/vk/http://dropbox.net/vk/""cupiditate""""King"".mpeg""O'Keefe"".jpeg",143941,,1,"2021-01-17 22:45:57","2021-01-18 15:25:41"
493,270,"http://dropbox.net/vk/http://dropbox.net/vk/""voluptatem""""Quigley"".mpeg""Schiller"".jpeg",518640,,3,"2021-01-17 22:45:57","2021-01-18 15:25:41"
494,62,"http://dropbox.net/vk/http://dropbox.net/vk/""accusamus""""Kiehn"".avi""Beier"".jpeg",151376,,1,"2021-01-17 22:45:57","2021-01-18 15:25:41"
495,311,"http://dropbox.net/vk/http://dropbox.net/vk/""id""""Rolfson"".avi""Gibson"".mpeg",190963,,3,"2021-01-17 22:45:57","2021-01-18 15:25:41"
496,154,"http://dropbox.net/vk/http://dropbox.net/vk/""voluptatem""""Schiller"".jpeg""Kulas"".png",490686,,1,"2021-01-17 22:45:57","2021-01-18 15:25:41"
497,241,"http://dropbox.net/vk/http://dropbox.net/vk/""consequuntur""""Keebler"".png""O'Reilly"".mpeg",870540,,2,"2021-01-17 22:45:57","2021-01-18 15:25:41"
498,338,"http://dropbox.net/vk/http://dropbox.net/vk/""rerum""""Leannon"".png""Armstrong"".avi",870644,,2,"2021-01-17 22:45:57","2021-01-18 15:25:41"
499,158,"http://dropbox.net/vk/http://dropbox.net/vk/""minima""""Funk"".jpeg""Goyette"".jpeg",731601,,3,"2021-01-17 22:45:57","2021-01-18 15:25:41"
500,184,"http://dropbox.net/vk/http://dropbox.net/vk/""ad""""Brown"".mpeg""Upton"".mpeg",36075,,3,"2021-01-17 22:45:57","2021-01-18 15:25:41"
501,39,"http://dropbox.net/vk/http://dropbox.net/vk/""ex""""Dickens"".png""Hegmann"".jpeg",975572,,1,"2021-01-17 22:45:57","2021-01-18 15:25:41"
502,49,"http://dropbox.net/vk/http://dropbox.net/vk/""rerum""""Veum"".avi""Huels"".png",759634,,1,"2021-01-17 22:45:57","2021-01-18 15:25:41"
503,128,"http://dropbox.net/vk/http://dropbox.net/vk/""quia""""Brown"".avi""Schowalter"".jpeg",861456,,3,"2021-01-17 22:45:57","2021-01-18 15:25:41"
504,87,"http://dropbox.net/vk/http://dropbox.net/vk/""rem""""Lesch"".jpeg""Quitzon"".png",18380,,3,"2021-01-17 22:45:57","2021-01-18 15:25:41"
505,55,"http://dropbox.net/vk/http://dropbox.net/vk/""est""""Grant"".avi""Beatty"".png",497530,,2,"2021-01-17 22:45:57","2021-01-18 15:25:41"
506,12,"http://dropbox.net/vk/http://dropbox.net/vk/""reiciendis""""Beier"".mpeg""Veum"".avi",422509,,1,"2021-01-17 22:45:57","2021-01-18 15:25:41"
507,302,"http://dropbox.net/vk/http://dropbox.net/vk/""non""""Nolan"".mpeg""Tremblay"".mpeg",609959,,2,"2021-01-17 22:45:57","2021-01-18 15:25:41"
508,259,"http://dropbox.net/vk/http://dropbox.net/vk/""odio""""Schiller"".jpeg""Torphy"".png",772268,,2,"2021-01-17 22:45:57","2021-01-18 15:25:41"
509,391,"http://dropbox.net/vk/http://dropbox.net/vk/""repellat""""Dicki"".jpeg""Mraz"".avi",21462,,2,"2021-01-17 22:45:57","2021-01-18 15:25:41"
510,366,"http://dropbox.net/vk/http://dropbox.net/vk/""officia""""O'Keefe"".jpeg""Renner"".png",780508,,1,"2021-01-17 22:45:57","2021-01-18 15:25:41"
511,251,"http://dropbox.net/vk/http://dropbox.net/vk/""corrupti""""O'Kon"".jpeg""Leannon"".jpeg",828152,,2,"2021-01-17 22:45:57","2021-01-18 15:25:41"
512,161,"http://dropbox.net/vk/http://dropbox.net/vk/""porro""""Ankunding"".mpeg""Larson"".avi",789240,,2,"2021-01-17 22:45:57","2021-01-18 15:25:41"
513,52,"http://dropbox.net/vk/http://dropbox.net/vk/""et""""Windler"".jpeg""Renner"".png",451741,,3,"2021-01-17 22:45:57","2021-01-18 15:25:41"
514,181,"http://dropbox.net/vk/http://dropbox.net/vk/""cumque""""Sipes"".jpeg""Ledner"".png",880988,,2,"2021-01-17 22:45:57","2021-01-18 15:25:41"
515,347,"http://dropbox.net/vk/http://dropbox.net/vk/""aut""""Witting"".avi""Beier"".avi",39718,,3,"2021-01-17 22:45:57","2021-01-18 15:25:41"
516,381,"http://dropbox.net/vk/http://dropbox.net/vk/""dicta""""Schneider"".mpeg""Auer"".avi",545628,,1,"2021-01-17 22:45:57","2021-01-18 15:25:41"
517,53,"http://dropbox.net/vk/http://dropbox.net/vk/""hic""""Torphy"".png""Hegmann"".jpeg",598984,,3,"2021-01-17 22:45:57","2021-01-18 15:25:41"
518,339,"http://dropbox.net/vk/http://dropbox.net/vk/""inventore""""Tremblay"".png""Stracke"".jpeg",348036,,3,"2021-01-17 22:45:57","2021-01-18 15:25:41"
519,321,"http://dropbox.net/vk/http://dropbox.net/vk/""qui""""Quigley"".png""Collier"".jpeg",933228,,1,"2021-01-17 22:45:57","2021-01-18 15:25:41"
520,183,"http://dropbox.net/vk/http://dropbox.net/vk/""ut""""Steuber"".avi""Rosenbaum"".mpeg",612035,,2,"2021-01-17 22:45:57","2021-01-18 15:25:41"
521,356,"http://dropbox.net/vk/http://dropbox.net/vk/""qui""""Leannon"".mpeg""Leffler"".png",250490,,3,"2021-01-17 22:45:57","2021-01-18 15:25:41"
522,18,"http://dropbox.net/vk/http://dropbox.net/vk/""molestiae""""Sipes"".mpeg""Cartwright"".mpeg",406347,,2,"2021-01-17 22:45:57","2021-01-18 15:25:41"
523,236,"http://dropbox.net/vk/http://dropbox.net/vk/""accusantium""""Paucek"".jpeg""Larson"".jpeg",270263,,2,"2021-01-17 22:45:57","2021-01-18 15:25:41"
524,318,"http://dropbox.net/vk/http://dropbox.net/vk/""consequatur""""Walter"".jpeg""Towne"".jpeg",122274,,1,"2021-01-17 22:45:57","2021-01-18 15:25:41"
525,71,"http://dropbox.net/vk/http://dropbox.net/vk/""nobis""""Towne"".png""Moen"".mpeg",790584,,1,"2021-01-17 22:45:57","2021-01-18 15:25:41"
