"id","from_user_id","to_user_id","body","is_important","is_delivered","created_at","updated_at"
1,38,331,"""Ut ex omnis totam ipsam. Repellat illo officia inventore. Eaque est ut ab id et omnis. Commodi numquam est illum. Odit iure et quaerat.""",0,0,"0000-00-00 00:00:00","2021-01-18 15:56:33"
2,208,75,"""Optio adipisci omnis cum quae. Beatae ab fuga ut rerum odio quia accusamus. Magni qui quae soluta soluta vel id. Ut laudantium sit ut beatae quibusdam ipsa.""",0,0,"0000-00-00 00:00:00","2021-01-18 15:56:33"
3,114,194,"""Placeat sed itaque sed at. Similique ut quidem dolorem perspiciatis dolor. Corporis atque et quia. Modi sapiente est saepe iure nemo quis ullam eaque.""",0,0,"0000-00-00 00:00:00","2021-01-18 15:56:33"
4,351,339,"""Est est est corporis itaque debitis optio voluptas. Quis maiores numquam aut odit exercitationem. Voluptates totam illum cumque fugiat officia debitis.""",0,0,"0000-00-00 00:00:00","2021-01-18 15:56:33"
5,199,302,"""Nihil fuga incidunt vel ut. Quia tempora sit nulla labore omnis. Modi cupiditate sed est placeat repellat laborum. Suscipit laborum ex delectus iure voluptas perferendis ad.""",0,0,"0000-00-00 00:00:00","2021-01-18 15:56:33"
6,346,90,"""Qui et quasi esse odio temporibus. Dicta ad ut illum sed nisi aut deleniti. Blanditiis similique accusamus et debitis voluptatem quod quae.""",0,0,"0000-00-00 00:00:00","2021-01-18 15:56:33"
7,324,356,"""Doloribus eius quae explicabo quisquam numquam. Sunt voluptate sit rerum corrupti expedita aut laudantium. Temporibus non incidunt repudiandae est ea. Est id ut consequatur.""",0,0,"0000-00-00 00:00:00","2021-01-18 15:56:33"
8,178,295,"""Sequi voluptas dolor quibusdam aperiam eligendi qui nisi. Suscipit dolorem possimus velit. Numquam veniam dicta qui fuga.""",0,0,"0000-00-00 00:00:00","2021-01-18 15:56:33"
9,324,4,"""Eum enim aut inventore vel et ratione non. Id voluptas nihil error dicta illo eaque nihil.""",0,0,"0000-00-00 00:00:00","2021-01-18 15:56:33"
10,277,348,"""Cumque tenetur eum numquam. Animi quae nostrum quos ut. Et aut rem excepturi necessitatibus.""",0,0,"0000-00-00 00:00:00","2021-01-18 15:56:33"
11,7,111,"""Voluptas consequatur est ut eius itaque optio. Aspernatur facilis sit nihil ut et quam nisi.""",0,0,"0000-00-00 00:00:00","2021-01-18 15:56:33"
12,17,320,"""Qui eum voluptatibus omnis et eum quas ex. Possimus illum iusto culpa reiciendis et. Provident veritatis maxime dolor harum similique dolor et quis. Qui et illum aut quaerat enim a ad.""",0,0,"0000-00-00 00:00:00","2021-01-18 15:56:33"
13,61,52,"""Quo voluptatem tempore cumque delectus saepe. Hic aliquid laboriosam magnam quis dignissimos consequatur ut. Voluptas dolores odit eius. Voluptates dolor molestiae aut soluta dolorum dolorum libero.""",0,0,"0000-00-00 00:00:00","2021-01-18 15:56:33"
14,257,110,"""Quisquam aspernatur labore possimus saepe. Optio molestias fugit quibusdam accusamus porro ut animi. Dolor aliquid ut consectetur iste vel. Id cumque qui neque autem quas.""",0,0,"0000-00-00 00:00:00","2021-01-18 15:56:33"
15,293,397,"""Omnis nam ut sit sapiente qui. Et quis consequuntur deleniti voluptas. Est nam voluptate qui quo et omnis. Natus quia veritatis quaerat corporis eum. Et assumenda et dignissimos aut at ut.""",0,0,"0000-00-00 00:00:00","2021-01-18 15:56:33"
16,288,33,"""Qui sunt debitis vel praesentium. Autem quis rerum id facere suscipit. Dolorem tempore alias vitae maiores. Dolorum maiores quidem officiis et.""",0,0,"0000-00-00 00:00:00","2021-01-18 15:56:33"
17,157,192,"""Molestiae possimus facilis nihil aspernatur qui vel. Laboriosam dolore totam suscipit hic sequi rerum harum. Et non delectus sed velit hic. Impedit et alias corrupti.""",0,0,"0000-00-00 00:00:00","2021-01-18 15:56:33"
18,326,51,"""Nesciunt culpa et voluptatem iste corporis perspiciatis. Aperiam veritatis est et odio. Molestiae voluptatibus quaerat eius sed quaerat consequatur.""",0,0,"0000-00-00 00:00:00","2021-01-18 15:56:33"
19,348,84,"""Quidem eveniet fugit cum quia nemo maxime nihil. Odit pariatur blanditiis sint hic. Dolores sunt velit ipsam esse modi illo.""",0,0,"0000-00-00 00:00:00","2021-01-18 15:56:33"
20,358,266,"""Qui repudiandae quam quia aut praesentium delectus at. Reiciendis et deleniti nesciunt dolorum. Ducimus tempora maiores et eveniet occaecati quia.""",0,0,"0000-00-00 00:00:00","2021-01-18 15:56:33"
21,342,269,"""Aut nisi ea et. Officiis aut cumque mollitia deleniti repellat officia officia. Aut aut reprehenderit provident est nulla ut accusantium.""",0,0,"0000-00-00 00:00:00","2021-01-18 15:56:33"
22,232,145,"""Eius veniam ipsum expedita repudiandae natus accusamus. Accusamus porro est vel est distinctio ullam enim magni. Nobis quasi eum nihil porro consequatur.""",0,0,"0000-00-00 00:00:00","2021-01-18 15:56:33"
23,136,321,"""Alias dolor nemo quia cupiditate dolor. Reiciendis facilis molestias voluptas id at quibusdam. Ratione veritatis occaecati totam rerum tempore et.""",0,0,"0000-00-00 00:00:00","2021-01-18 15:56:33"
24,388,361,"""Earum labore corporis sunt quas eligendi neque. Et recusandae est sint aut occaecati. Quidem et quas pariatur qui.""",0,0,"0000-00-00 00:00:00","2021-01-18 15:56:33"
25,318,31,"""Vel corrupti quas quas quia provident. Dignissimos veritatis id harum qui aut incidunt. Assumenda sit commodi assumenda quia.""",0,0,"0000-00-00 00:00:00","2021-01-18 15:56:33"
26,20,290,"""Aut rerum omnis voluptatum architecto rerum quos vel animi. Et ut rerum minima a. Et excepturi modi quos reprehenderit quod necessitatibus amet. Quia recusandae possimus qui saepe qui ullam.""",0,0,"0000-00-00 00:00:00","2021-01-18 15:56:33"
27,361,142,"""Repellendus molestiae expedita est consequatur. Expedita ut iste atque qui alias sapiente unde eum. Quasi placeat nulla molestiae rerum qui. Iure sint facilis enim nihil quo.""",0,0,"0000-00-00 00:00:00","2021-01-18 15:56:33"
28,127,246,"""Laboriosam quas quis doloremque voluptas et. Debitis quae ut ad autem sit ut. Corporis eius officia quia fuga.""",0,0,"0000-00-00 00:00:00","2021-01-18 15:56:33"
29,361,400,"""Sit ex ipsam temporibus autem cumque deleniti. Qui voluptatem in illum. Neque enim fugit possimus non excepturi. Minima et similique dolores dolorum.""",0,0,"0000-00-00 00:00:00","2021-01-18 15:56:33"
30,211,47,"""Placeat vel dolore quidem et earum dolore aut. Iure facilis consequatur quis rerum. Eveniet molestiae culpa eum facere repudiandae dolorem enim consequatur.""",0,0,"0000-00-00 00:00:00","2021-01-18 15:56:33"
31,377,249,"""Aut et dolor saepe praesentium consequuntur ea. Consequatur numquam omnis rerum voluptas voluptatem error necessitatibus. Adipisci voluptates repudiandae voluptatem facilis.""",0,0,"0000-00-00 00:00:00","2021-01-18 15:56:33"
32,35,296,"""Et architecto est repellat quos tenetur. Sint sed sed quod ipsam vel est. Harum enim quis libero. Aut occaecati rerum eaque labore aut enim consequuntur ratione.""",0,0,"0000-00-00 00:00:00","2021-01-18 15:56:33"
33,263,329,"""Praesentium voluptas reiciendis qui quos numquam enim error deserunt. Exercitationem natus natus reprehenderit.""",0,0,"0000-00-00 00:00:00","2021-01-18 15:56:33"
34,399,352,"""Harum ea perferendis qui iste. Maxime iusto aliquam rem tempora. Sunt ab quibusdam non delectus qui. Voluptate ut rem illum ea laudantium est.""",0,0,"0000-00-00 00:00:00","2021-01-18 15:56:33"
35,395,368,"""Ipsam blanditiis modi in dolorem. Voluptas et beatae sed temporibus. Ad nihil et quae consequuntur.""",0,0,"0000-00-00 00:00:00","2021-01-18 15:56:33"
36,375,379,"""Ut in corporis ea porro. Cumque dolores asperiores pariatur aut.""",0,0,"0000-00-00 00:00:00","2021-01-18 15:56:33"
37,286,387,"""Ea eum ipsum id ad. Dolorem at cum non sint ut id. Est ut dolorum deserunt cupiditate eos ut.",,,,"2021-01-18 15:56:33"
38,304,395,"""2011-11-24 08:17:34""",0,0,,"2021-01-18 15:56:33"
39,260,3,"""Aut quibusdam aut aperiam ea accusamus accusamus est. Ut libero laboriosam sunt blanditiis accusamus ut enim possimus.""",0,0,"0000-00-00 00:00:00","2021-01-18 15:56:33"
40,388,48,"""Necessitatibus fugiat recusandae rem esse cum eum est. Maiores cupiditate iusto occaecati asperiores necessitatibus. In eum eligendi dicta qui enim. Nisi repudiandae debitis id minus.""",0,0,"0000-00-00 00:00:00","2021-01-18 15:56:33"
41,350,230,"""Modi quis a qui reiciendis quam. Eveniet quo omnis ea dolorem vel cupiditate. Vel quas qui quo porro.""",0,0,"0000-00-00 00:00:00","2021-01-18 15:56:33"
42,182,195,"""Voluptatum eius quidem autem inventore doloremque optio. Sunt corporis sed ab est dolore nesciunt. Voluptates voluptatibus tempore perferendis explicabo.""",0,0,"0000-00-00 00:00:00","2021-01-18 15:56:33"
43,267,285,"""Accusamus voluptas est facilis natus eaque. Autem accusamus rerum quisquam distinctio et dolores. Voluptatibus quia iste inventore non veritatis inventore.""",0,0,"0000-00-00 00:00:00","2021-01-18 15:56:33"
44,383,31,"""Illo tempore illo cupiditate id nulla quia. Esse et rem est magni quos assumenda consequatur quisquam. Nisi esse esse aut.""",0,0,"0000-00-00 00:00:00","2021-01-18 15:56:33"
45,303,111,"""Nam aperiam magni porro et ut qui. Ex et quod itaque consequatur quidem tenetur. Voluptas tempore et quod architecto.""",0,0,"0000-00-00 00:00:00","2021-01-18 15:56:33"
46,369,57,"""Et exercitationem aspernatur dignissimos deleniti eius. Eum reiciendis et debitis laboriosam voluptatem consequatur. Cupiditate quas excepturi voluptas. Sint autem nam quidem iste blanditiis.""",0,0,"0000-00-00 00:00:00","2021-01-18 15:56:33"
47,126,360,"""Provident iste et enim quia sequi provident impedit. Nemo harum sint blanditiis. Magni rerum aut omnis et. Quia nam adipisci odit eius accusantium dolore.""",0,0,"0000-00-00 00:00:00","2021-01-18 15:56:33"
48,331,7,"""Quae aut magni est impedit. Numquam eligendi consectetur omnis rem vel aut. Dolore qui est commodi voluptas.""",0,0,"0000-00-00 00:00:00","2021-01-18 15:56:33"
49,66,170,"""Explicabo minus natus excepturi dolores perferendis recusandae quia. Fugiat et consequuntur suscipit nobis dolorum. Quos quibusdam ipsam odio ab est in dignissimos. Ab omnis voluptatem dicta et et.""",0,0,"0000-00-00 00:00:00","2021-01-18 15:56:33"
50,145,19,"""Est consequatur consequuntur distinctio id et. Id aut expedita cum iste sequi quaerat expedita. At quia perferendis voluptas consequatur dolores. Est fuga qui at id.""",0,0,"0000-00-00 00:00:00","2021-01-18 15:56:33"
51,125,396,"""Provident dicta quis autem blanditiis. Cum et doloremque et ipsam. Veniam eos qui sunt voluptas. Reiciendis laudantium cumque quibusdam quia ad placeat.""",0,0,"0000-00-00 00:00:00","2021-01-18 15:56:33"
52,190,302,"""Quo illum quis fugiat accusamus harum dolorem. Ut et quos asperiores eius vero. Repellat quis quas sit eum aut cumque ut. Dolorum sequi est ad in.""",0,0,"0000-00-00 00:00:00","2021-01-18 15:56:33"
53,169,324,"""Perferendis culpa possimus qui recusandae optio repudiandae. Debitis saepe neque animi. In placeat adipisci dolor.""",0,0,"0000-00-00 00:00:00","2021-01-18 15:56:33"
54,276,309,"""Quia omnis eveniet qui nam voluptatibus sapiente dolor mollitia. Ducimus qui possimus et quo dolores non quos.""",0,0,"0000-00-00 00:00:00","2021-01-18 15:56:33"
55,62,168,"""Ea ratione sit voluptatibus ea eos exercitationem sit. Adipisci adipisci accusantium nostrum autem ducimus quibusdam. Non molestiae at distinctio consequatur et expedita et.""",0,0,"0000-00-00 00:00:00","2021-01-18 15:56:33"
56,294,318,"""Quia fugiat at et consectetur exercitationem. Dolorem reiciendis expedita consequuntur vel aspernatur. Sequi et consequatur omnis eum quasi odio deserunt voluptates.""",0,0,"0000-00-00 00:00:00","2021-01-18 15:56:33"
57,70,277,"""Laborum quis quo est ab. Consequatur voluptas voluptatem placeat qui. Facere sit est sit asperiores dignissimos. Consequatur quis non nesciunt ipsa dolores et a.""",0,0,"0000-00-00 00:00:00","2021-01-18 15:56:33"
58,280,26,"""Vero architecto veritatis et est excepturi officiis possimus. Repellendus magnam omnis porro quis. Minus veniam qui dignissimos laborum.""",0,0,"0000-00-00 00:00:00","2021-01-18 15:56:33"
59,377,108,"""Eveniet rerum occaecati fugit et. Consectetur voluptatem fugiat et ut in quaerat consectetur. Eum ut architecto occaecati voluptatem.""",0,0,"0000-00-00 00:00:00","2021-01-18 15:56:33"
60,238,60,"""Consectetur laboriosam hic nihil unde voluptas. Voluptatibus quia eos vitae. Corporis provident officia accusamus rerum eum. Qui qui ut tenetur quo ullam.""",0,0,"0000-00-00 00:00:00","2021-01-18 15:56:33"
61,58,382,"""Aliquam et sed velit vero qui. Ut maiores nihil fugit rerum. Dicta consequatur omnis eos rerum hic ex et. Quaerat adipisci eveniet eius expedita.""",0,0,"0000-00-00 00:00:00","2021-01-18 15:56:33"
62,387,111,"""Impedit magni dicta pariatur assumenda corrupti enim. Dolorem aut sapiente voluptas. Amet vel vel qui alias. Aut est perferendis non est pariatur.""",0,0,"0000-00-00 00:00:00","2021-01-18 15:56:33"
63,139,217,"""Cupiditate repellendus quia praesentium repudiandae velit. Sed aut ut officiis incidunt id nisi. Ad repellat dolore necessitatibus laboriosam a.""",0,0,"0000-00-00 00:00:00","2021-01-18 15:56:33"
64,348,349,"""Aut officiis at non illum consequatur debitis. Accusamus numquam aut consectetur autem. In et omnis aperiam. Voluptatum et aliquam autem.""",0,0,"0000-00-00 00:00:00","2021-01-18 15:56:33"
65,108,285,"""Et ea tempora ab et voluptatem qui voluptas. Qui ad neque officiis. Blanditiis minus eum consequatur. Soluta ad velit ea atque quis quidem natus culpa.""",0,0,"0000-00-00 00:00:00","2021-01-18 15:56:33"
66,307,378,"""Voluptatibus dolore culpa odit et at error quo. Laborum aut non omnis numquam voluptatem id. Dolor quasi odit vel fuga non officiis sunt sunt. At amet dolorem est quas ducimus. Neque est in rerum.""",0,0,"0000-00-00 00:00:00","2021-01-18 15:56:33"
67,401,225,"""Ut qui nemo ipsum libero autem. Placeat et molestiae impedit porro ut cupiditate. Expedita in et nostrum et eligendi quisquam. Sapiente modi voluptate autem laborum natus optio.""",0,0,"0000-00-00 00:00:00","2021-01-18 15:56:33"
68,274,398,"""Cupiditate et voluptatum vel. Et quis sed velit quia. Velit molestiae numquam sunt adipisci. Beatae placeat quod sit asperiores.""",0,0,"0000-00-00 00:00:00","2021-01-18 15:56:33"
69,167,99,"""Quia illo quas tempore nemo. Fugit perferendis molestiae nesciunt consequatur illum quia. Corporis ut aut ut illo.""",0,0,"0000-00-00 00:00:00","2021-01-18 15:56:33"
70,16,112,"""Et adipisci sed neque velit. Libero quis in placeat voluptatem saepe ut ex sapiente. Dolores quia sed beatae est. Nihil nostrum nihil sed qui ut esse debitis.""",0,0,"0000-00-00 00:00:00","2021-01-18 15:56:33"
71,388,266,"""Voluptatem reprehenderit delectus odit repellendus officia officiis. Qui inventore saepe in error asperiores et ut. Deleniti voluptas possimus non voluptatem quo.""",0,0,"0000-00-00 00:00:00","2021-01-18 15:56:33"
72,272,181,"""Quo consequatur unde facilis facilis animi maiores ratione. Vero natus sed inventore. Voluptas voluptates quia aut nisi et.""",0,0,"0000-00-00 00:00:00","2021-01-18 15:56:33"
73,197,108,"""Enim quo est cumque ut iste consequuntur quod. Sed dolorem voluptas soluta sequi dolorem. Est a quia doloremque quia.""",0,0,"0000-00-00 00:00:00","2021-01-18 15:56:33"
74,168,402,"""Porro voluptates quia quas quae. Asperiores dolorum qui quisquam est ut libero sit.""",0,0,"0000-00-00 00:00:00","2021-01-18 15:56:33"
75,250,67,"""Vel quibusdam sint non accusantium voluptatibus. Illo dolore est voluptas rerum quod velit recusandae. Impedit hic quaerat alias beatae.""",0,0,"0000-00-00 00:00:00","2021-01-18 15:56:33"
76,341,343,"""Blanditiis id quasi ex. Rerum maxime corrupti est rem vitae possimus. Fugiat eos velit id rem rerum. Eos aut sequi tenetur sit ad mollitia. Esse et ut nesciunt ab asperiores quia ut.""",0,0,"0000-00-00 00:00:00","2021-01-18 15:56:33"
77,148,301,"""Quaerat recusandae corrupti aut nam quis. Quia rerum ipsa eos beatae doloremque occaecati cupiditate quasi.""",0,0,"0000-00-00 00:00:00","2021-01-18 15:56:33"
78,120,70,"""Aut blanditiis numquam omnis sed. Occaecati ipsa delectus praesentium fugit sint aut. Repellat ea quia ipsa. Omnis quod eos cumque rerum enim aperiam ut earum.""",0,0,"0000-00-00 00:00:00","2021-01-18 15:56:33"
79,156,258,"""Aut quia dolores velit et qui aut. Impedit dignissimos quibusdam temporibus eius vel. Cumque impedit mollitia velit dignissimos sunt. Eum est consequatur doloremque minima nesciunt sint alias.""",0,0,"0000-00-00 00:00:00","2021-01-18 15:56:33"
80,15,270,"""Corporis ut blanditiis sed culpa. Sequi porro magnam necessitatibus fugiat sed. Rerum illo cumque voluptas quis.""",0,0,"0000-00-00 00:00:00","2021-01-18 15:56:33"
81,15,172,"""Nulla illo consequuntur debitis quia eveniet est. Et repellendus aliquid reiciendis magnam quia. Aut tempora qui est possimus repellendus ducimus. Vel aut quis explicabo.""",0,0,"0000-00-00 00:00:00","2021-01-18 15:56:33"
82,28,50,"""Mollitia error placeat aut commodi voluptatem. Explicabo eum animi deleniti est. Excepturi recusandae rerum numquam exercitationem cupiditate nulla in.""",0,0,"0000-00-00 00:00:00","2021-01-18 15:56:33"
83,98,139,"""Magni ea vel atque qui aut fuga vero voluptates. Est modi et et sapiente expedita. Rerum illo eligendi suscipit qui minus. Rem aliquid et ut blanditiis.""",0,0,"0000-00-00 00:00:00","2021-01-18 15:56:33"
84,0,139,"""Reprehenderit et sunt ea eius accusamus porro qui reiciendis. Quod omnis aspernatur eius occaecati vitae vel. Tempore amet vero consequatur repellat illo dignissimos et.""",0,0,"0000-00-00 00:00:00","2021-01-18 15:56:33"
85,112,282,"""Quo facilis dolores voluptatem repellat voluptatem eum voluptas. Sed sit maiores error autem illo deserunt. Laborum laboriosam vel distinctio molestiae.""",0,0,"0000-00-00 00:00:00","2021-01-18 15:56:33"
86,154,182,"""Accusamus praesentium dolorem consequatur a. Quisquam aut quisquam rerum sit quia cupiditate. Rerum est pariatur impedit mollitia. Aut sit et quo labore.""",0,0,"0000-00-00 00:00:00","2021-01-18 15:56:33"
87,32,63,"""Unde hic quisquam sit quos vero cum necessitatibus tenetur. Deleniti possimus nemo et eaque. Placeat quis est quia ea voluptas id. Similique impedit eum quasi.""",0,0,"0000-00-00 00:00:00","2021-01-18 15:56:33"
88,103,177,"""Dicta fuga necessitatibus aliquid inventore facere officiis blanditiis. Facere saepe eum velit ea. Possimus laboriosam animi alias quas vel necessitatibus quia.""",0,0,"0000-00-00 00:00:00","2021-01-18 15:56:33"
89,12,291,"""Ea molestiae quos quaerat consequatur voluptatibus incidunt est. Molestias ut molestiae est eum dolore quas ipsum eveniet. Soluta veniam velit magni repellat.""",0,0,"0000-00-00 00:00:00","2021-01-18 15:56:33"
90,160,116,"""Nostrum odio sit consequuntur ullam nesciunt in. Excepturi nesciunt quis asperiores officiis impedit expedita ullam repellendus. Quas commodi at ratione nemo molestias. Repellendus iure expedita qui.""",0,0,"0000-00-00 00:00:00","2021-01-18 15:56:33"
91,356,112,"""Accusamus qui fuga magni. Eaque beatae et distinctio iure veniam earum laborum. Magni consectetur excepturi nihil.""",0,0,"0000-00-00 00:00:00","2021-01-18 15:56:33"
92,87,213,"""Eveniet ipsa voluptates nostrum et sit sint. Deleniti fugiat saepe et culpa et et est. Veniam et tenetur temporibus architecto nostrum eos ratione molestias.""",0,0,"0000-00-00 00:00:00","2021-01-18 15:56:33"
93,177,322,"""Sit consequatur aliquam ipsam ducimus dignissimos et rerum. Nobis soluta adipisci optio. Laudantium quaerat aspernatur similique aut.""",0,0,"0000-00-00 00:00:00","2021-01-18 15:56:33"
94,218,162,"""Animi et consequatur amet doloremque quia illum. Quis voluptas sunt deleniti voluptas corporis. Iusto est pariatur dolor sit eligendi blanditiis. Et doloremque eveniet dolorem velit at.""",0,0,"0000-00-00 00:00:00","2021-01-18 15:56:33"
95,155,248,"""A distinctio voluptatem ut autem vero. Cupiditate omnis nemo dolores voluptatibus totam doloribus quo. Voluptas reiciendis et quam dolorum saepe rerum et.""",0,0,"0000-00-00 00:00:00","2021-01-18 15:56:33"
96,122,351,"""Officia repudiandae doloribus suscipit ut error. Commodi et accusamus est nisi numquam doloribus. Ipsum expedita error quos totam. Veritatis nobis et aut aperiam expedita.""",0,0,"0000-00-00 00:00:00","2021-01-18 15:56:33"
97,147,203,"""Fuga a rem recusandae maiores temporibus. Quod voluptates facere blanditiis beatae et. Tenetur ut impedit itaque.""",0,0,"0000-00-00 00:00:00","2021-01-18 15:56:33"
98,366,366,"""Velit cupiditate aut id numquam dolorum sit. Totam rem sed deserunt commodi dolorum accusamus voluptatem. Dolores sint perferendis recusandae.""",0,0,"0000-00-00 00:00:00","2021-01-18 15:56:33"
99,178,7,"""Sint impedit sit qui non deserunt et reiciendis. Qui quibusdam est et eveniet ut est maiores. Quos et inventore perspiciatis cumque. Doloribus laborum sunt ab quis cupiditate accusantium iure.""",0,0,"0000-00-00 00:00:00","2021-01-18 15:56:33"
100,197,153,"""Aut aut omnis eum voluptatem sit debitis rerum. Quibusdam in veniam tempora dignissimos quibusdam ut. Quo aut excepturi non nulla sed.""",0,0,"0000-00-00 00:00:00","2021-01-18 15:56:33"
101,47,337,"""Incidunt delectus eos laborum enim ea consectetur. Nemo qui ut fuga voluptatem odio.""",0,0,"0000-00-00 00:00:00","2021-01-18 15:56:33"
102,51,13,"""Rerum fuga ipsum ut. Consequatur mollitia cum nihil. Quos fuga qui quia assumenda. Est beatae unde nemo.""",0,0,"0000-00-00 00:00:00","2021-01-18 15:56:33"
103,111,267,"""Fuga architecto pariatur consectetur nemo modi itaque quis. Qui et nam soluta modi. Et dicta illo harum eligendi ea sit. Quia nostrum consequatur debitis dignissimos sit.""",0,0,"0000-00-00 00:00:00","2021-01-18 15:56:33"
104,404,85,"""Animi esse rerum qui animi provident incidunt. Earum rem tempora esse deleniti delectus laborum omnis.""",0,0,"0000-00-00 00:00:00","2021-01-18 15:56:33"
105,66,28,"""Quisquam qui quae saepe est possimus officiis. Nam enim consequatur voluptates rem cumque. Tempore beatae et omnis dolor quis quasi. Mollitia provident est ad non.""",0,0,"0000-00-00 00:00:00","2021-01-18 15:56:33"
106,333,291,"""Alias qui cum autem. Qui et ut fugit a. Eius odit dolor vero animi culpa. Libero natus nostrum eos sit sequi tempore necessitatibus.""",0,0,"0000-00-00 00:00:00","2021-01-18 15:56:33"
107,253,156,"""Blanditiis dolorem ipsam et qui et. Et libero quibusdam velit esse. Rem laudantium alias sunt ipsam et et inventore nesciunt. Dolorem eos voluptatem sed libero adipisci.""",0,0,"0000-00-00 00:00:00","2021-01-18 15:56:33"
108,267,314,"""Quia architecto doloribus nihil nulla dignissimos qui rerum. Consequatur officia atque sit consequatur qui. Quasi dolorem fugit numquam voluptates ducimus eaque.""",0,0,"0000-00-00 00:00:00","2021-01-18 15:56:33"
109,170,293,"""Possimus beatae magnam corrupti ullam repellendus quasi. Minima libero minus dicta pariatur. Voluptatem nulla voluptate laudantium sit.""",0,0,"0000-00-00 00:00:00","2021-01-18 15:56:33"
110,52,119,"""Unde ratione quibusdam voluptatem occaecati. Cumque fugit dolores temporibus sed quia quia dolorem.""",0,0,"0000-00-00 00:00:00","2021-01-18 15:56:33"
111,154,119,"""Sint velit esse facere officiis voluptas. Nostrum eius in laudantium aliquid in. Eius a id rerum quia.""",0,0,"0000-00-00 00:00:00","2021-01-18 15:56:33"
112,208,241,"""Sit omnis esse sint sit qui deserunt quo. Nihil eaque quo fuga asperiores hic dicta enim. Ut aliquid omnis doloremque doloremque quis. Quos beatae unde ut ut autem.""",0,0,"0000-00-00 00:00:00","2021-01-18 15:56:33"
113,177,36,"""Soluta cum quae similique porro aut. Ut similique voluptatem voluptatem labore. Fugiat harum repellat sunt sit dolorem perspiciatis. Consectetur quis quo nisi error et non perspiciatis.""",0,0,"0000-00-00 00:00:00","2021-01-18 15:56:33"
114,260,269,"""Laboriosam animi culpa ullam sint non libero. Similique sequi quas cupiditate. Beatae quia itaque sequi voluptates ut dolores iste omnis.""",0,0,"0000-00-00 00:00:00","2021-01-18 15:56:33"
115,362,22,"""Aut repellendus vitae ut facere consequatur tempora et. Tempore natus ut nam aut. Et maxime quo sit dolore est et. Sunt aut consequuntur voluptatem amet ad iusto cumque.""",0,0,"0000-00-00 00:00:00","2021-01-18 15:56:33"
116,224,114,"""Laborum illum perspiciatis facilis vero enim. Incidunt quia error totam. Cupiditate rerum voluptas saepe facere quia temporibus at. Debitis eligendi magnam molestiae perspiciatis cumque adipisci et.""",0,0,"0000-00-00 00:00:00","2021-01-18 15:56:33"
117,35,100,"""Nemo similique placeat aperiam. Similique et corporis quaerat vel omnis ipsam. Et quisquam cum quisquam dolorum non.""",0,0,"0000-00-00 00:00:00","2021-01-18 15:56:33"
118,311,157,"""Aut quo quam velit voluptas. Sint sit quod recusandae. Laboriosam ullam perspiciatis voluptatem sed tempora reprehenderit dolores.""",0,0,"0000-00-00 00:00:00","2021-01-18 15:56:33"
119,237,82,"""Blanditiis expedita recusandae blanditiis alias vel mollitia voluptatibus ratione. Rerum quia excepturi praesentium officia. Quia aliquid libero rerum natus et quia atque.""",0,0,"0000-00-00 00:00:00","2021-01-18 15:56:33"
120,250,343,"""Fuga doloremque recusandae ducimus suscipit exercitationem animi quas. Officia itaque accusantium labore optio beatae.""",0,0,"0000-00-00 00:00:00","2021-01-18 15:56:33"
121,137,255,"""Illo consequatur quis debitis consequatur nihil enim a. Iure sed ut nam aut dolorem rerum. Consequatur amet quo praesentium sunt eveniet id sint eaque. Quis sed omnis id corrupti ratione quae.""",0,0,"0000-00-00 00:00:00","2021-01-18 15:56:33"
122,341,248,"""Consequatur quisquam qui placeat minima nesciunt. Ducimus cum labore modi esse. In ut similique inventore voluptatem qui.""",0,0,"0000-00-00 00:00:00","2021-01-18 15:56:33"
123,77,68,"""Incidunt nulla qui impedit nihil architecto omnis sunt. Aut odio quis fugit et voluptatem consequuntur. Maiores natus impedit quidem amet et velit eveniet pariatur.""",0,0,"0000-00-00 00:00:00","2021-01-18 15:56:33"
124,174,4,"""Aut est recusandae et itaque. Ut qui ipsum ut aut deserunt. Nulla fugiat vero iure dolores culpa et.""",0,0,"0000-00-00 00:00:00","2021-01-18 15:56:33"
125,235,220,"""Deserunt ut itaque iure consequatur et. Dolores quia non in aut aut corporis vel. Consequatur vero nostrum quaerat temporibus.""",0,0,"0000-00-00 00:00:00","2021-01-18 15:56:33"
126,250,280,"""Accusantium adipisci soluta ex ab animi eaque. Molestiae sit ipsum magnam repellat et earum. Sunt rem fuga et et dolor dolorum. Voluptas debitis eos sed ut architecto et.""",0,0,"0000-00-00 00:00:00","2021-01-18 15:56:33"
127,138,336,"""Maxime exercitationem quia sunt necessitatibus. Velit suscipit natus fugiat libero. Ut doloribus hic iste est.""",0,0,"0000-00-00 00:00:00","2021-01-18 15:56:33"
128,348,28,"""Accusantium dolores unde voluptas odit. Et provident earum numquam iste aliquam. Beatae modi aut nemo. Veniam veniam a repellendus omnis.""",0,0,"0000-00-00 00:00:00","2021-01-18 15:56:33"
129,108,349,"""Nam odio praesentium pariatur non. Aliquid dolorem repellendus et nihil. Qui aliquid quisquam veniam dolore.""",0,0,"0000-00-00 00:00:00","2021-01-18 15:56:33"
130,309,43,"""Molestias rerum laudantium ut ut animi quod totam incidunt. Velit aperiam eum cumque rerum. Iure adipisci sunt labore hic rerum distinctio.""",0,0,"0000-00-00 00:00:00","2021-01-18 15:56:33"
131,7,382,"""Repudiandae inventore est quis sed aliquid quae. Labore iste et omnis laboriosam molestiae laborum. Vero eos possimus quia quae ab facere voluptates optio.""",0,0,"0000-00-00 00:00:00","2021-01-18 15:56:33"
132,323,160,"""Aliquid natus eius qui fuga aut. Temporibus tenetur perferendis dolor doloremque tempore quo et error. Rerum similique iure consequuntur quasi quo consequatur consequatur qui.""",0,0,"0000-00-00 00:00:00","2021-01-18 15:56:33"
133,379,62,"""Tempore dicta corporis est rerum tenetur rerum totam. Magnam id quibusdam accusantium at. Reprehenderit dolorem ab modi architecto.""",0,0,"0000-00-00 00:00:00","2021-01-18 15:56:33"
134,115,236,"""Nemo ratione voluptatum quia magni dolorum rem. Qui recusandae facilis et sit est veritatis minus.""",0,0,"0000-00-00 00:00:00","2021-01-18 15:56:33"
135,248,185,"""Nulla fugiat et magni ipsum vel. Ex sed laborum eveniet sunt consequatur repellat. Fugiat quia et sed maiores ut. Asperiores eveniet dolorem non ducimus consectetur sequi ipsa.""",0,0,"0000-00-00 00:00:00","2021-01-18 15:56:33"
136,87,218,"""Et quo iusto consectetur modi. Dicta repellat sunt sint sequi. Suscipit perspiciatis recusandae asperiores voluptas error.""",0,0,"0000-00-00 00:00:00","2021-01-18 15:56:33"
137,97,131,"""Magni et neque sunt in. Laborum ab vel dolores blanditiis itaque ullam.""",0,0,"0000-00-00 00:00:00","2021-01-18 15:56:33"
138,225,1,"""Quos sit accusamus non corporis sit. Sint impedit consectetur hic amet ut rerum. Tempora sed iure numquam quia repellat. Et distinctio autem officiis qui.""",0,0,"0000-00-00 00:00:00","2021-01-18 15:56:33"
139,24,16,"""Cum ducimus quae quas praesentium numquam sapiente aliquid laborum. Et sapiente est expedita illo ratione labore. Quo non nostrum ab facilis sit.""",0,0,"0000-00-00 00:00:00","2021-01-18 15:56:33"
140,254,80,"""Rem repellat nobis eaque suscipit quasi harum quia. Quo non esse itaque. Aperiam eius inventore temporibus soluta alias quis quidem nisi.""",0,0,"0000-00-00 00:00:00","2021-01-18 15:56:33"
141,389,350,"""Nostrum et ex architecto pariatur asperiores dicta aut. Cupiditate sed aspernatur eum. Dicta enim ratione eius laborum tempora et qui. In debitis quos eum.""",0,0,"0000-00-00 00:00:00","2021-01-18 15:56:33"
142,372,294,"""Officiis voluptas quia et eaque hic. Maxime consectetur quo vitae nulla. Harum dolore velit et odit eligendi et sequi.""",0,0,"0000-00-00 00:00:00","2021-01-18 15:56:33"
143,290,18,"""Atque blanditiis aperiam repellendus enim. Maiores et et velit nam ut optio. Unde est numquam quisquam et ut. Eaque blanditiis tempora sit repellat aut rem ut.""",0,0,"0000-00-00 00:00:00","2021-01-18 15:56:33"
144,335,19,"""Corrupti officia rem qui. Voluptates atque natus magnam accusamus nesciunt. Dolorem aut minima labore omnis quis. Natus aut eum voluptas sunt maxime.""",0,0,"0000-00-00 00:00:00","2021-01-18 15:56:33"
145,401,41,"""Eveniet et ad perferendis nulla. Voluptatibus totam tenetur ut. Ad et omnis id itaque culpa aliquid.""",0,0,"0000-00-00 00:00:00","2021-01-18 15:56:33"
146,192,149,"""Distinctio perspiciatis cupiditate id numquam est sed. Autem beatae sapiente sed qui. Non dolor qui ut distinctio aut vitae.""",0,0,"0000-00-00 00:00:00","2021-01-18 15:56:33"
147,160,219,"""Sit laboriosam eum nam delectus dolore doloribus. Sed et id sit facilis molestiae reiciendis. Repellendus quo eum minus nam itaque aut quaerat. Architecto enim est quidem cum pariatur veniam.""",0,0,"0000-00-00 00:00:00","2021-01-18 15:56:33"
148,227,242,"""Temporibus iusto non labore eum ut dolor. Modi quisquam quia in laboriosam mollitia ut qui. Facilis quia pariatur ut necessitatibus amet ad ratione. Quasi officia autem reiciendis similique ut enim.""",0,0,"0000-00-00 00:00:00","2021-01-18 15:56:33"
149,250,150,"""Aut corporis laboriosam sed veritatis delectus et. Consequatur quia id sapiente praesentium ut. A rerum consectetur qui nostrum. Deserunt assumenda vel voluptatem delectus.""",0,0,"0000-00-00 00:00:00","2021-01-18 15:56:33"
150,162,26,"""Incidunt nulla animi temporibus sapiente aspernatur quia reiciendis. Possimus non consequatur nam atque. Placeat laboriosam dolorem ea sint velit possimus.""",0,0,"0000-00-00 00:00:00","2021-01-18 15:56:33"
151,62,82,"""Dolorum itaque nemo minima consectetur laudantium itaque suscipit. Quibusdam iure vitae itaque beatae asperiores et aliquid minima. Temporibus sunt ea expedita enim et.""",0,0,"0000-00-00 00:00:00","2021-01-18 15:56:33"
152,228,332,"""Fugit ea corporis deleniti consectetur. Earum quam blanditiis omnis asperiores. Voluptas consequatur error consequatur et dolor. Velit eaque porro rerum porro aut delectus molestiae neque.""",0,0,"0000-00-00 00:00:00","2021-01-18 15:56:33"
153,144,203,"""Cupiditate aut iste soluta quo nobis. Voluptas praesentium deleniti omnis sapiente. Molestias laboriosam sed perspiciatis totam architecto tempora. In sint quo quam itaque.""",0,0,"0000-00-00 00:00:00","2021-01-18 15:56:33"
154,39,17,"""Sequi quo exercitationem vero sed. Iure et omnis fugiat soluta omnis. Pariatur dolor officia temporibus libero fuga est totam. Et quis adipisci ex veniam maxime quo rerum.""",0,0,"0000-00-00 00:00:00","2021-01-18 15:56:33"
155,165,286,"""Iure recusandae delectus eos odio magni. Harum libero voluptatem aut perferendis magnam ab accusantium. Voluptas amet temporibus animi ratione quos.""",0,0,"0000-00-00 00:00:00","2021-01-18 15:56:33"
156,307,166,"""Rerum consequatur ab sunt cumque quae dolor nemo sapiente. Deleniti dicta nihil nam blanditiis fugiat occaecati.""",0,0,"0000-00-00 00:00:00","2021-01-18 15:56:33"
157,230,376,"""Ut aperiam omnis et. Magni aliquid nostrum minus cumque iusto veniam blanditiis. Quam id laborum qui necessitatibus rerum vel. Alias sed ad vero quia a.""",0,0,"0000-00-00 00:00:00","2021-01-18 15:56:33"
158,227,170,"""Dignissimos reprehenderit voluptatibus ullam laboriosam. Deleniti enim eos porro tempore soluta tempore. Et amet aut et molestias voluptas ut. Non veniam quisquam nobis quia possimus.""",0,0,"0000-00-00 00:00:00","2021-01-18 15:56:33"
159,44,127,"""Magni fugit cum iure aperiam ut est animi voluptates. Voluptatem delectus molestiae voluptas.",,,,"2021-01-18 15:56:33"
160,346,124,"""2011-06-09 11:03:07""",0,0,,"2021-01-18 15:56:33"
161,385,240,"""Ut ut porro veniam cupiditate. Quae qui velit eos repudiandae doloremque. Ut unde commodi est sint. Et a sed libero eum nam deserunt.""",0,0,"0000-00-00 00:00:00","2021-01-18 15:56:33"
162,77,20,"""Enim rerum iste quidem voluptas quas quia. Magni pariatur ullam veniam perferendis blanditiis quos. Totam quam ad eius. Aut est eveniet quia reiciendis recusandae.""",0,0,"0000-00-00 00:00:00","2021-01-18 15:56:33"
163,39,188,"""Velit porro quae rerum autem eum magnam qui. Laboriosam inventore unde quidem dolorum. Sequi nihil minima voluptas animi veritatis.""",0,0,"0000-00-00 00:00:00","2021-01-18 15:56:33"
164,370,71,"""Qui expedita et sit distinctio officia voluptatem. Ad dignissimos quos facere autem sed voluptas. Consectetur laboriosam facere quod.""",0,0,"0000-00-00 00:00:00","2021-01-18 15:56:33"
165,116,199,"""Illum aut aut aut veritatis veritatis quam qui. Aut nostrum est facilis voluptatem id.""",0,0,"0000-00-00 00:00:00","2021-01-18 15:56:33"
166,280,375,"""Nesciunt corporis accusamus ad nulla ullam. Aut quos est repellendus aut soluta ut aut. Molestiae accusantium cumque consequuntur aut facere impedit. Velit vel dignissimos consequatur nesciunt.""",0,0,"0000-00-00 00:00:00","2021-01-18 15:56:33"
167,240,65,"""Rerum quibusdam laboriosam temporibus ut molestiae saepe vel. Sit odit ea consequatur voluptatem. Dolorum rem nisi atque dolores.""",0,0,"0000-00-00 00:00:00","2021-01-18 15:56:33"
168,361,11,"""Voluptates esse eligendi asperiores aut ad. Quos eligendi reiciendis unde alias modi necessitatibus. Et at ut assumenda voluptas sint libero reiciendis.""",0,0,"0000-00-00 00:00:00","2021-01-18 15:56:33"
169,278,266,"""Et in ut odio ea. Eveniet inventore asperiores quo deserunt fugit aliquid qui est. Fuga dolore eum eius voluptatibus. Debitis et est ipsum autem odio cum iste.""",0,0,"0000-00-00 00:00:00","2021-01-18 15:56:33"
170,305,83,"""Aut fugiat possimus blanditiis animi quo impedit rerum id. Impedit labore ut quam aut totam. Minus sint excepturi molestiae omnis. Repudiandae recusandae inventore cupiditate et.""",0,0,"0000-00-00 00:00:00","2021-01-18 15:56:33"
171,288,20,"""Cum aut distinctio laboriosam. Vel ut vero perspiciatis odit nobis. Odit corporis enim molestiae velit ea qui illo.""",0,0,"0000-00-00 00:00:00","2021-01-18 15:56:33"
172,121,256,"""Fuga et repellendus fuga vitae id fuga. Possimus dolorem quaerat aut voluptatum quasi dolores in labore.""",0,0,"0000-00-00 00:00:00","2021-01-18 15:56:33"
173,145,8,"""Est aliquam libero nisi aliquam aut. Aut molestiae sed maxime nisi voluptatem eum qui. Illo quisquam id magnam quia.""",0,0,"0000-00-00 00:00:00","2021-01-18 15:56:33"
174,362,81,"""Ut consequuntur beatae fugiat et quod facilis. Consectetur inventore suscipit repellat tempore eaque praesentium atque et. Vel necessitatibus et dolorem voluptatem iste.""",0,0,"0000-00-00 00:00:00","2021-01-18 15:56:33"
175,163,382,"""Vel sed quo voluptas ea velit sequi. Soluta aut asperiores ex eum. Amet quia ullam rerum quibusdam non consequuntur quod.""",0,0,"0000-00-00 00:00:00","2021-01-18 15:56:33"
176,133,46,"""Et ipsam dolores quis. Commodi nihil harum incidunt exercitationem exercitationem. Unde iure fugiat qui veritatis sit quo eum. Beatae necessitatibus unde mollitia rem sint ea consequatur ea.""",0,0,"0000-00-00 00:00:00","2021-01-18 15:56:33"
177,178,300,"""Officiis et mollitia dolorem voluptas sit. Et iusto porro sit cum earum. Sapiente mollitia temporibus facere voluptas dolorem. Deleniti quod omnis et. Ea totam aut fuga.""",0,0,"0000-00-00 00:00:00","2021-01-18 15:56:33"
178,87,147,"""Odio nam sequi odit omnis. Ad autem ipsa non explicabo. Labore accusantium est nihil commodi ducimus vel architecto autem. Autem similique et et ut.""",0,0,"0000-00-00 00:00:00","2021-01-18 15:56:33"
179,306,240,"""Autem ea non iste quia sint aut. Autem ullam quae amet atque dolor dolor. Qui incidunt suscipit possimus ipsum.""",0,0,"0000-00-00 00:00:00","2021-01-18 15:56:33"
180,55,357,"""Deleniti ea id nulla labore. Expedita deserunt consequatur id neque autem numquam cum. Aut nisi id consequuntur aliquam. Dolorem at porro perspiciatis pariatur.""",0,0,"0000-00-00 00:00:00","2021-01-18 15:56:33"
181,167,256,"""Sunt sed sed autem libero consequuntur. Nostrum assumenda alias ipsum quaerat omnis ea unde. Aut iusto in voluptas sed.""",0,0,"0000-00-00 00:00:00","2021-01-18 15:56:33"
182,264,208,"""Ducimus iusto rem facere quis ut. Error ut soluta animi libero tenetur. Et aut nesciunt id. Et fugit tempora est qui vel.""",0,0,"0000-00-00 00:00:00","2021-01-18 15:56:33"
183,12,271,"""Sunt est unde quisquam excepturi. Voluptas voluptatem dicta alias earum illum voluptas.""",0,0,"0000-00-00 00:00:00","2021-01-18 15:56:33"
184,76,328,"""In labore occaecati nam. Rerum quasi rerum perferendis nostrum. Architecto molestias exercitationem voluptates sit.""",0,0,"0000-00-00 00:00:00","2021-01-18 15:56:33"
185,346,16,"""Praesentium odit commodi temporibus quam et quia blanditiis. Voluptatem dicta non et ipsa consequuntur. Tenetur consequatur inventore a ut nihil in.""",0,0,"0000-00-00 00:00:00","2021-01-18 15:56:33"
186,288,313,"""Sint non ut fugiat cumque doloremque accusamus. Repellendus nam debitis ut eos. Rerum ipsa porro a molestiae est libero. Ad accusantium dolores quibusdam id dicta tenetur nobis a.""",0,0,"0000-00-00 00:00:00","2021-01-18 15:56:33"
187,400,304,"""Vero praesentium mollitia dolor officia quod at. Quod quia maxime alias quisquam voluptas qui. Temporibus ad sit voluptates mollitia ea libero est saepe.""",0,0,"0000-00-00 00:00:00","2021-01-18 15:56:33"
188,328,173,"""Mollitia quos recusandae sit. Voluptatibus earum animi ullam atque explicabo. Numquam in aut tempora optio.""",0,0,"0000-00-00 00:00:00","2021-01-18 15:56:33"
189,36,361,"""Distinctio sed omnis quas ut tempore tempora. Non amet non quia aspernatur voluptatem inventore vel. Inventore ipsum quia praesentium et et sapiente.""",0,0,"0000-00-00 00:00:00","2021-01-18 15:56:33"
190,6,71,"""Iure excepturi illum facere ut omnis. Explicabo iure culpa nostrum quis impedit assumenda sapiente consequuntur. Atque eos exercitationem ipsam qui porro id.""",0,0,"0000-00-00 00:00:00","2021-01-18 15:56:33"
191,330,81,"""Molestias distinctio sint magnam est. Molestiae aut mollitia modi laborum suscipit accusamus.""",0,0,"0000-00-00 00:00:00","2021-01-18 15:56:33"
192,9,193,"""Harum labore sint quisquam eos omnis ipsum. Ipsum accusantium nihil velit esse eum ut.""",0,0,"0000-00-00 00:00:00","2021-01-18 15:56:33"
193,271,316,"""Quaerat temporibus facere incidunt quisquam voluptas dolorem sit. Nesciunt pariatur vel est. Et sunt necessitatibus veritatis praesentium tempore.""",0,0,"0000-00-00 00:00:00","2021-01-18 15:56:33"
194,113,194,"""Hic a voluptas ipsum. Dignissimos sunt quae eligendi saepe ut et rerum. Sint id quia asperiores.""",0,0,"0000-00-00 00:00:00","2021-01-18 15:56:33"
195,159,23,"""Illum debitis vitae esse ea. Quae ea ut architecto tempore voluptate vitae. Facere suscipit quis unde.""",0,0,"0000-00-00 00:00:00","2021-01-18 15:56:33"
196,52,343,"""Similique a est neque quia libero itaque impedit est. Rerum quia quia ab ab voluptates distinctio iure. Sed fuga veniam earum at dolorem. Dolorem facere asperiores quia reprehenderit.""",0,0,"0000-00-00 00:00:00","2021-01-18 15:56:33"
197,189,28,"""Ut impedit ut impedit rem voluptas perspiciatis non. Nam voluptas et sunt nostrum itaque.""",0,0,"0000-00-00 00:00:00","2021-01-18 15:56:33"
198,385,324,"""Nobis hic aut enim et recusandae ut autem. Nam maxime aut non quo non minus molestias voluptate. Aut quia facere nihil et. Culpa alias quod culpa nobis sit nihil voluptates.""",0,0,"0000-00-00 00:00:00","2021-01-18 15:56:33"
199,145,323,"""Vel non optio provident est autem sit et. Natus cupiditate rerum quisquam assumenda. Numquam aut ex quas aliquam. Similique aut at inventore in delectus.""",0,0,"0000-00-00 00:00:00","2021-01-18 15:56:33"
200,377,237,"""Quisquam accusamus dolor repellendus totam atque non. Animi recusandae molestiae accusamus quae reprehenderit. Laboriosam quis illo odio quidem voluptas aut.""",0,0,"0000-00-00 00:00:00","2021-01-18 15:56:33"
201,236,219,"""Blanditiis nisi harum voluptatem ut harum nesciunt repellendus. Qui ipsum soluta consequatur odit praesentium omnis. Necessitatibus fuga quo est nostrum quibusdam.""",0,0,"0000-00-00 00:00:00","2021-01-18 15:56:33"
202,50,385,"""Odio sed ad est quos. Vero voluptate magni maxime qui. Fuga quasi necessitatibus et. Explicabo minima ullam similique quod et libero quia.""",0,0,"0000-00-00 00:00:00","2021-01-18 15:56:33"
203,352,52,"""Placeat et rerum possimus et. Ipsam explicabo quaerat eligendi amet. Voluptatem et at suscipit nemo. Aut fuga at accusamus cumque unde quae.""",0,0,"0000-00-00 00:00:00","2021-01-18 15:56:33"
204,397,319,"""Reiciendis minima aut rerum eaque voluptatem voluptates sit. Nesciunt blanditiis eligendi vel molestiae ut eos ut. Molestiae iure quidem odio mollitia nobis occaecati.""",0,0,"0000-00-00 00:00:00","2021-01-18 15:56:33"
205,120,227,"""Labore sed tempore tempora voluptates et. Consequatur quasi repellendus libero numquam odit molestiae sit. Optio et fuga ut quaerat sed sapiente et.""",0,0,"0000-00-00 00:00:00","2021-01-18 15:56:33"
206,217,176,"""Iste repellat ratione quam quasi cumque rerum harum. Iure facilis nihil quos in sit quae et. Modi aut ipsum voluptate iure exercitationem.""",0,0,"0000-00-00 00:00:00","2021-01-18 15:56:33"
207,323,200,"""Animi labore quidem beatae recusandae aperiam. Consequatur consequatur laudantium necessitatibus atque odit nulla. Ut aut porro quos ex.""",0,0,"0000-00-00 00:00:00","2021-01-18 15:56:33"
208,154,69,"""Cumque omnis velit aut. Exercitationem voluptas est voluptatum est sed cumque qui exercitationem. Impedit corporis laboriosam dolorum dolores.""",0,0,"0000-00-00 00:00:00","2021-01-18 15:56:33"
209,206,151,"""Debitis eos ut est accusamus. Ut assumenda tenetur voluptate aut. Temporibus fuga molestias molestiae qui illo quia.""",0,0,"0000-00-00 00:00:00","2021-01-18 15:56:33"
210,162,145,"""Pariatur quae corporis laboriosam corporis et fugiat rerum. Modi est quidem asperiores.""",0,0,"0000-00-00 00:00:00","2021-01-18 15:56:33"
211,195,269,"""Qui rem dolore soluta quis magni molestias qui. Qui quo porro molestias numquam iste. Occaecati repudiandae in debitis.""",0,0,"0000-00-00 00:00:00","2021-01-18 15:56:33"
212,84,103,"""At fugit impedit deserunt minima numquam quod. Tempore tempore amet iusto harum quaerat reiciendis ad. Doloribus sed similique dolor eos eligendi tempora sunt.""",0,0,"0000-00-00 00:00:00","2021-01-18 15:56:33"
213,241,113,"""Quasi enim et ducimus laboriosam qui. Repellat architecto quia ut amet quis ea ut. Quod aut non expedita id.""",0,0,"0000-00-00 00:00:00","2021-01-18 15:56:33"
214,143,256,"""Occaecati laudantium mollitia est cum eveniet. Eos cupiditate sunt ab dolore aliquid est fugit doloremque. Saepe ipsa ab et.""",0,0,"0000-00-00 00:00:00","2021-01-18 15:56:33"
215,400,130,"""Quo eaque in aut. Culpa velit esse enim labore perspiciatis odio quasi. Dolor autem non culpa doloremque at sed error. Ea necessitatibus corporis voluptas nesciunt doloremque.""",0,0,"0000-00-00 00:00:00","2021-01-18 15:56:33"
216,353,287,"""Quia eos aut ipsum est. Laudantium velit eum atque. Laboriosam voluptas maiores omnis et. Ut molestias et ullam error minima nisi.""",0,0,"0000-00-00 00:00:00","2021-01-18 15:56:33"
217,161,239,"""Ipsa fuga itaque dolor architecto reprehenderit sunt dolorem. Est ut adipisci voluptatibus odit at enim molestias dolor. Id blanditiis consequatur omnis veniam veniam culpa dolor.""",0,0,"0000-00-00 00:00:00","2021-01-18 15:56:33"
218,153,331,"""Reprehenderit est ex quibusdam dolor doloremque est quia. Consequatur maiores quis est nam dicta ipsa.""",0,0,"0000-00-00 00:00:00","2021-01-18 15:56:33"
219,283,129,"""Qui qui maiores quam omnis ea facere. Fuga explicabo labore est laborum cum. Corporis et aut aut amet molestias. Dolor in aut hic modi aspernatur ex.""",0,0,"0000-00-00 00:00:00","2021-01-18 15:56:33"
220,147,58,"""Consequatur et ea ut dicta sint. Dolores sit voluptas sunt ut rem.""",0,0,"0000-00-00 00:00:00","2021-01-18 15:56:33"
221,289,307,"""Ea autem illum ea esse distinctio nesciunt. Tempora ut et repudiandae voluptas adipisci quas. Est assumenda est provident ratione est reiciendis. Qui impedit aut earum deleniti.""",0,0,"0000-00-00 00:00:00","2021-01-18 15:56:33"
222,196,147,"""Pariatur atque voluptate cupiditate qui quo. Qui voluptatum iure vel dicta qui ut dolor sit. Magnam ducimus repellendus reiciendis vitae quo aliquid recusandae.""",0,0,"0000-00-00 00:00:00","2021-01-18 15:56:33"
223,113,221,"""Porro nisi saepe est est quia. Dicta quo qui earum minus. Aut ea voluptate enim ut mollitia.",,,,"2021-01-18 15:56:33"
224,384,257,"""2014-03-08 23:41:40""",0,0,,"2021-01-18 15:56:33"
225,366,220,"""Corporis est voluptatem expedita aut quia totam quasi. Corporis et quam et quibusdam. Architecto ut eligendi et. Qui facere et minima temporibus quos non placeat dolore.""",0,0,"0000-00-00 00:00:00","2021-01-18 15:56:33"
226,275,327,"""Aspernatur explicabo aliquam deserunt incidunt dolorem ratione. Quia velit ratione sunt voluptates minima doloremque.""",0,0,"0000-00-00 00:00:00","2021-01-18 15:56:33"
227,275,165,"""Hic vel doloremque est nisi quas ut iusto. Quae omnis alias dolor aliquid nemo tempora. Exercitationem et laudantium temporibus dolores quia est. Distinctio amet ipsum est porro dolor dicta.""",0,0,"0000-00-00 00:00:00","2021-01-18 15:56:33"
228,145,253,"""Est ut odio laudantium. Fuga reprehenderit quasi sint est maiores eum. Ratione sit veniam et libero sint perferendis.""",0,0,"0000-00-00 00:00:00","2021-01-18 15:56:33"
229,306,363,"""Voluptas ut soluta qui doloremque ut culpa eum. Corrupti a in aspernatur quis pariatur inventore. At aut autem dolorem sed. Repellat nihil assumenda voluptatum.""",0,0,"0000-00-00 00:00:00","2021-01-18 15:56:33"
230,287,245,"""Laboriosam earum sed maiores ab. Deserunt reiciendis ipsum optio in. Atque officia hic quisquam cum sequi voluptatem soluta aut. Praesentium hic impedit facere sed sit odit.""",0,0,"0000-00-00 00:00:00","2021-01-18 15:56:33"
231,111,138,"""Fuga non non quidem laudantium rerum. Et sit est dolorum. Quis hic quae beatae facilis qui dolor itaque voluptas.""",0,0,"0000-00-00 00:00:00","2021-01-18 15:56:33"
232,102,361,"""Aspernatur commodi sunt quam qui cum autem quibusdam. Non vel assumenda quo rem. Non nam pariatur illum quaerat. Ad voluptatem enim sit voluptas cum.""",0,0,"0000-00-00 00:00:00","2021-01-18 15:56:33"
233,174,174,"""Dolorum voluptas qui culpa repudiandae dolor. Fuga enim vero aut molestiae. Aut molestiae maiores ut quibusdam sed quisquam.""",0,0,"0000-00-00 00:00:00","2021-01-18 15:56:33"
234,163,195,"""Laudantium molestias alias et soluta. Commodi nesciunt perferendis sunt magnam. Veritatis quisquam omnis est et qui qui. Amet rerum et vero ut recusandae.""",0,0,"0000-00-00 00:00:00","2021-01-18 15:56:33"
235,292,48,"""Quia debitis perferendis in ratione. Beatae placeat doloremque illo dolorem natus minima repudiandae. Aut minima voluptatem asperiores quibusdam.""",0,0,"0000-00-00 00:00:00","2021-01-18 15:56:33"
236,160,61,"""Veniam et rem fugiat vel. Quod explicabo et aliquid ipsa culpa impedit maiores doloribus. Dolorum corporis porro est et et. Autem praesentium inventore nam illo consequatur debitis amet.""",0,0,"0000-00-00 00:00:00","2021-01-18 15:56:33"
237,332,161,"""Sit corrupti quibusdam modi sint nisi. Corrupti harum et sed deserunt. Quia ut aut error et quos.""",0,0,"0000-00-00 00:00:00","2021-01-18 15:56:33"
238,369,218,"""Et qui praesentium rerum voluptas veritatis sed ut numquam. Quos id quisquam non qui eaque repellendus eaque blanditiis. Placeat temporibus quaerat autem quasi. Ipsam sed ipsa dolorem.""",0,0,"0000-00-00 00:00:00","2021-01-18 15:56:33"
239,42,200,"""Ut iure laudantium fuga impedit quasi cum assumenda. Ut fugiat voluptas aliquam saepe. Doloremque cum est fugit sit occaecati provident.""",0,0,"0000-00-00 00:00:00","2021-01-18 15:56:33"
240,317,349,"""Ut aut numquam qui animi voluptates qui consectetur. Sapiente eaque cum eum dolores velit. Ut aut quia magni excepturi non illum ipsam.""",0,0,"0000-00-00 00:00:00","2021-01-18 15:56:33"
241,243,333,"""In eum inventore fugit doloremque qui et qui. Ut dignissimos excepturi quos voluptatem velit rerum nisi. Voluptatem laboriosam voluptatem tempora consectetur praesentium veniam sint.""",0,0,"0000-00-00 00:00:00","2021-01-18 15:56:33"
242,267,216,"""Nihil rerum qui id est aliquam. Dicta voluptatibus assumenda aut.""",0,0,"0000-00-00 00:00:00","2021-01-18 15:56:33"
243,201,80,"""A quo vel est natus excepturi omnis. Quia quia veniam qui quia corporis nisi aut. Fuga qui vero et est similique est tenetur. Ut dolore nobis voluptatum rem earum corrupti.""",0,0,"0000-00-00 00:00:00","2021-01-18 15:56:33"
244,206,157,"""Autem cum quia sunt nihil. Repellendus minus ex ad consequatur esse maxime. Voluptatibus quas vel accusantium molestiae eos non debitis sed.""",0,0,"0000-00-00 00:00:00","2021-01-18 15:56:33"
245,19,139,"""Aspernatur pariatur maiores beatae illo doloribus iusto itaque. Et mollitia ea corrupti. Voluptatem eum rerum omnis. Placeat unde debitis doloribus ipsam corporis. Occaecati possimus ea autem iure.""",0,0,"0000-00-00 00:00:00","2021-01-18 15:56:33"
246,290,227,"""Dolor sed quis dolorem iusto accusamus voluptatum. Quo nulla exercitationem veniam distinctio similique ut consequatur. Et commodi eum quasi quis ad quos molestiae.""",0,0,"0000-00-00 00:00:00","2021-01-18 15:56:33"
247,178,313,"""Quasi velit est necessitatibus quia sed. Et dolores blanditiis laborum magnam facere. Sunt hic aut illum voluptatem libero numquam pariatur. Voluptatem saepe iure deserunt quidem.""",0,0,"0000-00-00 00:00:00","2021-01-18 15:56:33"
248,20,73,"""Sit ipsam eaque officia aut et. Qui ratione quidem nisi enim similique molestias. Veritatis et quidem fugit quam vel. Itaque aut natus quis veniam incidunt.""",0,0,"0000-00-00 00:00:00","2021-01-18 15:56:33"
249,376,235,"""Sequi perferendis animi optio ullam. Eius tenetur reiciendis labore qui quis officiis. Sit ratione voluptas expedita id a.""",0,0,"0000-00-00 00:00:00","2021-01-18 15:56:33"
250,202,150,"""Est ut eveniet exercitationem eos. A totam amet beatae amet ea explicabo facere. Voluptas odit qui quae est sit voluptatem sapiente possimus.""",0,0,"0000-00-00 00:00:00","2021-01-18 15:56:33"
251,287,45,"""Veritatis qui nam reiciendis porro. Temporibus esse veniam nulla. Deleniti et a ab quaerat.""",0,0,"0000-00-00 00:00:00","2021-01-18 15:56:33"
252,20,178,"""Tenetur sunt veniam deserunt voluptates labore laborum. Qui et doloremque blanditiis a ut. Et ab amet dolore voluptas. Exercitationem ea perferendis impedit doloribus.""",0,0,"0000-00-00 00:00:00","2021-01-18 15:56:33"
253,49,351,"""Omnis dolor repellat et culpa suscipit consequuntur. Necessitatibus sit alias aut dolorem reprehenderit omnis et. Officiis consequatur ipsum minima deleniti voluptas.""",0,0,"0000-00-00 00:00:00","2021-01-18 15:56:33"
254,185,9,"""Eos et tempora ut aspernatur. Et perferendis vel sunt dolores cum voluptas quo voluptatum.""",0,0,"0000-00-00 00:00:00","2021-01-18 15:56:33"
255,375,205,"""Odit quidem et odit enim ut. Ad at nisi qui eaque. Ut eaque minima distinctio. Soluta natus facilis maxime aliquid ad error.""",0,0,"0000-00-00 00:00:00","2021-01-18 15:56:33"
256,104,190,"""Cum quo et fugit quis. Commodi voluptatum dolorum dolorem quasi incidunt labore. Quo laborum corrupti rerum est laboriosam dolore. Voluptas a ipsa magni eaque quo.""",0,0,"0000-00-00 00:00:00","2021-01-18 15:56:33"
