"id","author_id","content","id_media","created_at","updated_at"
1,0,"""Sit porro architecto adipisci ut numquam quae voluptatem perferendis. Accusantium illum cumque in nemo odio unde animi asperiores. Deleniti reprehenderit magnam aut amet.""",0,"0000-00-00 00:00:00","0000-00-00 00:00:00"
2,0,"""Eum velit est sed quo itaque sed quisquam. Dolore quos a nulla.""",0,"0000-00-00 00:00:00","0000-00-00 00:00:00"
3,0,"""Placeat et nihil aliquid praesentium quo. Quasi inventore architecto necessitatibus ipsam. Officia mollitia quam mollitia facilis delectus est exercitationem sed.""",0,"0000-00-00 00:00:00","0000-00-00 00:00:00"
4,0,"""Odit vero eveniet consequatur. Fuga inventore ratione at expedita rerum. Quis itaque qui magnam ratione. Et et earum non delectus voluptatum dolore optio.""",0,"0000-00-00 00:00:00","0000-00-00 00:00:00"
5,0,"""Numquam necessitatibus eveniet magnam voluptatibus quibusdam qui. Explicabo nam rerum deserunt sequi optio consequatur. Dolore doloremque reprehenderit non laudantium quasi et iure.""",0,"0000-00-00 00:00:00","0000-00-00 00:00:00"
6,0,"""Quis autem mollitia aut id. Rerum ab exercitationem veniam repellat. Accusantium modi facilis impedit aut.""",0,"0000-00-00 00:00:00","0000-00-00 00:00:00"
7,0,"""Hic modi maiores illum blanditiis explicabo qui illum. Deleniti molestiae aut facere amet expedita. Voluptatem asperiores magni doloribus sed voluptate eum eveniet.""",0,"0000-00-00 00:00:00","0000-00-00 00:00:00"
8,0,"""Perspiciatis exercitationem hic doloremque sunt fugiat enim officiis. Voluptatum et consequatur omnis itaque. Ut tenetur qui quis molestiae sit. Sit qui minus praesentium.""",0,"0000-00-00 00:00:00","0000-00-00 00:00:00"
9,0,"""Vero mollitia recusandae dolores ut assumenda. Ex fugiat iusto deserunt magnam. Ut dignissimos quaerat voluptate cum mollitia inventore rerum. Sapiente maiores quis id officia neque et.""",0,"0000-00-00 00:00:00","0000-00-00 00:00:00"
10,0,"""Quidem modi ea ut est velit. Voluptates ea saepe nobis corporis iste. Ad quaerat ad veniam voluptatem similique unde unde. Molestiae molestiae qui et minus facilis voluptatibus nemo.""",0,"0000-00-00 00:00:00","0000-00-00 00:00:00"
11,0,"""Sed unde similique eos ut pariatur. Nobis nihil cupiditate aut dolor ipsam et iusto. Tenetur dolor esse veniam distinctio. Iste quisquam ut facere est.""",0,"0000-00-00 00:00:00","0000-00-00 00:00:00"
12,0,"""Reiciendis ipsam est minima quod. Ipsam dolore et aut at dignissimos. Amet quisquam officiis quasi consequuntur est excepturi minima.""",0,"0000-00-00 00:00:00","0000-00-00 00:00:00"
13,0,"""In expedita dolores autem nihil dolorem omnis consectetur. Nihil est impedit commodi ullam eos consequatur natus ab. Aspernatur ab corporis non vel sint rerum.""",0,"0000-00-00 00:00:00","0000-00-00 00:00:00"
14,0,"""Cupiditate et exercitationem neque qui accusamus sit tempore praesentium. Et expedita vel consequatur est dolorum sint nostrum rem. Sit harum architecto labore qui quam sed aliquam.""",0,"0000-00-00 00:00:00","0000-00-00 00:00:00"
15,0,"""Eos nihil modi sint perferendis et aut. Sapiente voluptas omnis modi. Nesciunt qui quia magnam eveniet laboriosam. Placeat temporibus qui id qui distinctio qui.""",0,"0000-00-00 00:00:00","0000-00-00 00:00:00"
16,0,"""Necessitatibus quam voluptatem numquam voluptas quibusdam. Voluptas praesentium ducimus animi est officia nesciunt laboriosam aut. Eos eaque cum velit ipsa.""",0,"0000-00-00 00:00:00","0000-00-00 00:00:00"
17,0,"""Ipsam eos totam sit ut. Omnis expedita aut ducimus non eum cum aspernatur. Iusto explicabo mollitia rerum in. Magnam expedita et nesciunt eum ut autem.""",0,"0000-00-00 00:00:00","0000-00-00 00:00:00"
18,0,"""Nihil assumenda tempora aliquam maxime. Expedita nemo voluptas est veniam sequi consequuntur. Non accusantium voluptatibus sed voluptatem ullam laudantium.""",0,"0000-00-00 00:00:00","0000-00-00 00:00:00"
19,0,"""Cum est rerum voluptate sed. Maxime cupiditate nisi in incidunt ipsam voluptas qui. Ratione ducimus natus consequatur eligendi.""",0,"0000-00-00 00:00:00","0000-00-00 00:00:00"
20,0,"""Et ullam et sit quis ut sint rem. Sint pariatur dolores veniam eius consequuntur natus eaque occaecati. Dolores quia voluptatem suscipit facere numquam repellat quo veritatis.""",0,"0000-00-00 00:00:00","0000-00-00 00:00:00"
21,0,"""Quam eum sit at. Labore quaerat ea quaerat velit consequatur. Qui rerum consequatur nostrum sed. Aut fuga voluptatum quia totam.""",0,"0000-00-00 00:00:00","0000-00-00 00:00:00"
22,0,"""Doloremque dignissimos facere odit officiis explicabo. Eius at tempore odit consectetur quia animi laudantium. Impedit quia consequatur aut autem.""",0,"0000-00-00 00:00:00","0000-00-00 00:00:00"
23,0,"""Eos exercitationem earum optio ut velit sequi. Adipisci omnis ut rerum quibusdam necessitatibus quasi sapiente aliquid.""",0,"0000-00-00 00:00:00","0000-00-00 00:00:00"
24,0,"""Corporis et animi nam. Eum reiciendis consequuntur omnis qui. Voluptatem eveniet est doloremque praesentium asperiores voluptatibus accusamus. Enim corporis tenetur ipsum totam consequuntur.""",0,"0000-00-00 00:00:00","0000-00-00 00:00:00"
25,0,"""Culpa magnam omnis sed reiciendis tempore est. Ullam pariatur et consequatur. Unde autem voluptate consequatur modi ut sunt. Ut quidem rerum nesciunt natus.""",0,"0000-00-00 00:00:00","0000-00-00 00:00:00"
26,0,"""Ut unde dolorem quia veritatis. Ex quia eum sed aut expedita atque repellendus. Vel culpa rem amet itaque itaque. Asperiores itaque magnam debitis suscipit tenetur rem.""",0,"0000-00-00 00:00:00","0000-00-00 00:00:00"
27,0,"""Non ut est molestias perferendis doloribus autem autem. Quia architecto rerum quo unde quis ducimus. Ut cum harum rem cumque.""",0,"0000-00-00 00:00:00","0000-00-00 00:00:00"
28,0,"""Vero nam rem perferendis doloremque. Neque quia aliquid necessitatibus et. Maxime molestias sit natus minima et.",,,
29,0,"""2017-08-19 00:30:37""",0,"0000-00-00 00:00:00",
30,0,"""Architecto aut ex qui. Molestiae voluptatem sed quaerat quisquam corporis ut neque. Aut vero quasi autem nulla natus et nisi.""",0,"0000-00-00 00:00:00","0000-00-00 00:00:00"
31,0,"""Voluptatem qui voluptates sunt nemo. Ea alias et ut inventore. Fugit saepe quam pariatur assumenda eligendi inventore. Et nemo earum ipsa.""",0,"0000-00-00 00:00:00","0000-00-00 00:00:00"
32,0,"""Quia eum sapiente est quam ut labore. Fuga laborum rerum suscipit ut temporibus. Ullam aut voluptatem et impedit temporibus. Dolorem eaque voluptatem ut aut ullam ea.""",0,"0000-00-00 00:00:00","0000-00-00 00:00:00"
33,0,"""In neque ut quae officiis nam pariatur excepturi. At nam voluptate ad aut qui. Explicabo officiis atque dicta voluptas beatae. Amet sit nemo ex vel nesciunt quibusdam maiores.""",0,"0000-00-00 00:00:00","0000-00-00 00:00:00"
34,0,"""Distinctio explicabo quos voluptates dolor. Rerum ducimus ea magnam illum ratione ad velit. Blanditiis temporibus ipsum neque enim velit est. Neque rerum sit aliquam eius.""",0,"0000-00-00 00:00:00","0000-00-00 00:00:00"
35,0,"""Rerum asperiores eum temporibus enim quia exercitationem hic. Vel ut quisquam eum minima aut. Tenetur et molestiae autem est sapiente.""",0,"0000-00-00 00:00:00","0000-00-00 00:00:00"
36,0,"""Necessitatibus voluptas veritatis autem temporibus sed est aliquid. Sit quaerat consequuntur dolorem. Accusamus sit provident enim et laborum quos alias.""",0,"0000-00-00 00:00:00","0000-00-00 00:00:00"
37,0,"""Non qui culpa nobis magni autem. Ab fuga unde voluptatem non id nesciunt esse. Quia dolorem commodi iure eveniet quibusdam. Voluptas qui aliquid voluptatem voluptatem deserunt laborum ut molestiae.""",0,"0000-00-00 00:00:00","0000-00-00 00:00:00"
38,0,"""Qui delectus eos quia tenetur commodi. Veritatis et quae dolores nihil distinctio. Sequi qui omnis qui inventore quis. Cum et temporibus voluptate cumque.""",0,"0000-00-00 00:00:00","0000-00-00 00:00:00"
39,0,"""Sit aut maiores et commodi est pariatur quia. Delectus et quaerat adipisci nihil nulla architecto. Eveniet non ut dignissimos voluptatem.""",0,"0000-00-00 00:00:00","0000-00-00 00:00:00"
40,0,"""Sit ab temporibus non omnis tenetur commodi. Molestias repellendus quia et ex ea. Perferendis ut deleniti deleniti est animi eligendi non. Qui aperiam cumque magnam.""",0,"0000-00-00 00:00:00","0000-00-00 00:00:00"
41,0,"""Harum voluptate quasi officia exercitationem ab. Quos nesciunt quos reiciendis quia fugiat reiciendis. Dolorem perspiciatis et cum. Autem aliquid cum est incidunt dolor.""",0,"0000-00-00 00:00:00","0000-00-00 00:00:00"
42,0,"""Accusamus animi et quis qui magnam est consequatur. Non modi ea voluptates sequi autem. Sit voluptas ut ea praesentium iste quo.""",0,"0000-00-00 00:00:00","0000-00-00 00:00:00"
43,0,"""Reprehenderit nemo a quis distinctio dolorem odit et. Enim dolorem cum ut. Qui ad consequatur omnis autem. Mollitia totam recusandae inventore qui.""",0,"0000-00-00 00:00:00","0000-00-00 00:00:00"
44,0,"""Iusto velit quo voluptas est ducimus quibusdam voluptatem. Magni est et molestiae. Atque aliquid consequatur et quaerat amet dolorum. Vel minus blanditiis temporibus labore totam officia deleniti.""",0,"0000-00-00 00:00:00","0000-00-00 00:00:00"
45,0,"""Ea sint delectus ut dolore ratione. Vero voluptatem a ipsum saepe perferendis.""",0,"0000-00-00 00:00:00","0000-00-00 00:00:00"
46,0,"""Sed rem voluptates est rerum. Rem rem veritatis fugiat ut porro. Tempore aut autem cumque saepe eius.""",0,"0000-00-00 00:00:00","0000-00-00 00:00:00"
47,0,"""Voluptatibus voluptatum fugit consequatur vitae porro vero. Qui illum consequatur quia itaque nobis. Laudantium officia est aut repudiandae. Quo debitis vero blanditiis est.""",0,"0000-00-00 00:00:00","0000-00-00 00:00:00"
48,0,"""Qui ut nihil dolorem ut accusamus dignissimos. Praesentium cum optio numquam dolorem. Nemo vero impedit vel sint.""",0,"0000-00-00 00:00:00","0000-00-00 00:00:00"
49,0,"""Necessitatibus laborum eligendi alias ut. Beatae ab assumenda qui unde. Quisquam et qui qui et. Labore illo tempora est ab nihil voluptates.""",0,"0000-00-00 00:00:00","0000-00-00 00:00:00"
50,0,"""Nisi quo quas unde exercitationem. Illo quidem voluptates quia sed deserunt. Blanditiis hic odio nihil explicabo et quo. Illo eveniet nemo voluptates aperiam ea vero dignissimos.""",0,"0000-00-00 00:00:00","0000-00-00 00:00:00"
51,0,"""Est porro asperiores et officiis. Nihil quidem eius quo exercitationem fugit ut. Laborum quasi distinctio voluptatem eos iure.""",0,"0000-00-00 00:00:00","0000-00-00 00:00:00"
52,0,"""Suscipit libero quia totam accusamus. Pariatur dolorem accusantium reiciendis cum nemo totam laudantium. Labore voluptatem cum qui quaerat officiis mollitia.""",0,"0000-00-00 00:00:00","0000-00-00 00:00:00"
53,0,"""Recusandae suscipit perspiciatis sint atque et. Velit deleniti consequatur consequatur adipisci qui corporis et aut. Inventore corrupti dolorem qui nobis veritatis.""",0,"0000-00-00 00:00:00","0000-00-00 00:00:00"
54,0,"""Beatae ut sit ut excepturi placeat exercitationem dignissimos. Ducimus perferendis quod voluptatibus qui voluptatibus. Ut et commodi quia eaque.""",0,"0000-00-00 00:00:00","0000-00-00 00:00:00"
55,0,"""Delectus aut culpa dolorem fugit expedita. Porro omnis molestiae qui molestiae. Id quaerat sunt facilis praesentium tempora id perferendis ipsum.""",0,"0000-00-00 00:00:00","0000-00-00 00:00:00"
56,0,"""Voluptatem dolore voluptatum aut tenetur neque quos ut. Laudantium consequuntur quibusdam alias. Et blanditiis cumque ex error. Voluptatem dolorem impedit sint voluptas saepe et.""",0,"0000-00-00 00:00:00","0000-00-00 00:00:00"
57,0,"""Natus illo ad qui. Dolor magni possimus repellat pariatur iusto id. Quia repellat rerum autem quae voluptatum dolorem. Et error et adipisci aut reprehenderit voluptas.""",0,"0000-00-00 00:00:00","0000-00-00 00:00:00"
58,0,"""Hic et dolores alias iste. Explicabo voluptas culpa voluptas occaecati. Ad a vel quia porro in.""",0,"0000-00-00 00:00:00","0000-00-00 00:00:00"
59,0,"""Quia placeat maiores velit fugiat sed. Quia ad non ratione facere maiores. Iusto dolor facilis quae velit odit.""",0,"0000-00-00 00:00:00","0000-00-00 00:00:00"
60,0,"""Dolores dignissimos est tempora velit aliquid dolores ducimus. Ipsa accusamus nesciunt non doloremque quasi veritatis. Quasi aliquid iste qui sunt quidem. Vitae repellendus autem magnam.""",0,"0000-00-00 00:00:00","0000-00-00 00:00:00"
61,0,"""Id ut sint quidem molestiae exercitationem tenetur officia expedita. Accusantium id aut voluptates dolor fugit temporibus. Temporibus molestiae quibusdam est non corrupti est.""",0,"0000-00-00 00:00:00","0000-00-00 00:00:00"
62,0,"""Sint in veritatis ea occaecati. Alias ullam veniam totam culpa voluptas.""",0,"0000-00-00 00:00:00","0000-00-00 00:00:00"
63,0,"""Soluta ratione a vitae soluta recusandae optio quisquam. Saepe vero labore quos totam vel. Est dolorem sed dolorum adipisci molestiae.""",0,"0000-00-00 00:00:00","0000-00-00 00:00:00"
64,0,"""Sit blanditiis officiis eius accusantium aut rerum rerum earum. Vel tempora esse aperiam molestias nisi quia error. Molestias ullam minima consectetur sapiente ut.""",0,"0000-00-00 00:00:00","0000-00-00 00:00:00"
65,0,"""Corrupti praesentium placeat eos accusamus. Quis perferendis esse minus ut neque. Sint est voluptas est id nihil. Explicabo consequuntur id eos et impedit dolor.""",0,"0000-00-00 00:00:00","0000-00-00 00:00:00"
66,0,"""Placeat dignissimos et distinctio fugit nostrum quaerat. Quam voluptates porro fugit natus explicabo sunt.""",0,"0000-00-00 00:00:00","0000-00-00 00:00:00"
67,0,"""Quia et ipsum facere aspernatur. Et qui voluptatem laudantium dolorem. Amet eius eligendi unde deserunt occaecati rerum autem. Qui maxime suscipit harum possimus pariatur quod maiores.""",0,"0000-00-00 00:00:00","0000-00-00 00:00:00"
68,0,"""Veritatis odio eos voluptates molestiae. Qui perferendis in sed labore unde placeat. Velit rerum tempora iste provident consectetur eum. Temporibus exercitationem et aperiam nobis.""",0,"0000-00-00 00:00:00","0000-00-00 00:00:00"
69,0,"""Praesentium quisquam fuga accusantium possimus. Quia earum dicta velit fugiat non vitae facilis. Est ullam consequatur qui temporibus ut aut perferendis.""",0,"0000-00-00 00:00:00","0000-00-00 00:00:00"
70,0,"""Neque libero ullam eum aut iure. Pariatur sunt perspiciatis impedit saepe eos molestiae. Doloribus quo velit et autem. Inventore quia ab commodi repellat itaque labore et.""",0,"0000-00-00 00:00:00","0000-00-00 00:00:00"
71,0,"""Necessitatibus rem et eligendi itaque perferendis saepe. Repellat nobis ab corporis beatae. Quia voluptas veritatis ipsum.""",0,"0000-00-00 00:00:00","0000-00-00 00:00:00"
72,0,"""Velit saepe quod eligendi excepturi et iusto. Autem illum molestiae quis amet rem molestiae accusamus aut. Laborum eum blanditiis nihil aut aperiam non.""",0,"0000-00-00 00:00:00","0000-00-00 00:00:00"
73,0,"""Quaerat omnis enim facilis est. Incidunt voluptate neque quis accusantium velit. Et in consequuntur velit. Est ipsa unde ex a unde.""",0,"0000-00-00 00:00:00","0000-00-00 00:00:00"
74,0,"""Consequatur rerum qui enim omnis. Consequuntur distinctio cupiditate eos sed id. Qui eos ullam odio ipsum incidunt.""",0,"0000-00-00 00:00:00","0000-00-00 00:00:00"
75,0,"""Asperiores voluptate a modi. Impedit tenetur numquam incidunt autem accusamus. Voluptatibus voluptas magni est velit minima voluptates adipisci voluptas.""",0,"0000-00-00 00:00:00","0000-00-00 00:00:00"
76,0,"""Voluptas aspernatur modi distinctio exercitationem dolore sapiente. Unde accusantium officia praesentium maiores. Tempore autem quae ipsum ab. Qui et nesciunt blanditiis iste.""",0,"0000-00-00 00:00:00","0000-00-00 00:00:00"
77,0,"""Quisquam consequatur nihil et dolor velit. Voluptates quia quis repudiandae sunt vero dicta. Velit aliquid omnis eaque dolores. Est natus fugiat velit sed ut.""",0,"0000-00-00 00:00:00","0000-00-00 00:00:00"
78,0,"""Mollitia occaecati fugit ipsam voluptatem sit est. Eum est quam at animi consectetur consequuntur soluta. Exercitationem et animi ex optio quibusdam.""",0,"0000-00-00 00:00:00","0000-00-00 00:00:00"
79,0,"""Delectus et eveniet ipsa. Quos pariatur ut doloremque est. Porro quia rerum repellat voluptates. Eos aliquam veritatis ratione ea.""",0,"0000-00-00 00:00:00","0000-00-00 00:00:00"
80,0,"""Ut quod velit in cupiditate alias. Optio omnis vel qui. Nobis fugit est dolor voluptates sint amet et officia.""",0,"0000-00-00 00:00:00","0000-00-00 00:00:00"
81,0,"""Ullam laborum voluptate architecto optio ullam et mollitia nam. Sequi velit commodi nihil eum ad quas. Vel voluptatibus animi aut ut quis aut ducimus. Laudantium ab eligendi eius ut blanditiis.""",0,"0000-00-00 00:00:00","0000-00-00 00:00:00"
82,0,"""Velit voluptatem inventore minus. Dolorum voluptas at fuga sit delectus doloribus a. Omnis id assumenda ullam excepturi. Quos sint animi voluptates et iusto qui non.""",0,"0000-00-00 00:00:00","0000-00-00 00:00:00"
83,0,"""Occaecati et sed ut id eum ipsa dignissimos. Pariatur esse et quis nisi hic. Et eius qui fugiat eum ea unde.""",0,"0000-00-00 00:00:00","0000-00-00 00:00:00"
84,0,"""Nulla incidunt dolores quibusdam quis quibusdam. Qui iste voluptatibus quia dolore aperiam molestiae. Ducimus itaque aut est inventore ratione.""",0,"0000-00-00 00:00:00","0000-00-00 00:00:00"
85,0,"""Enim consequuntur ea ratione doloremque fugiat voluptatem. Laboriosam ut culpa provident asperiores modi laborum dolore. Nostrum et facere dolor excepturi et.""",0,"0000-00-00 00:00:00","0000-00-00 00:00:00"
86,0,"""Dolores aut provident occaecati. Esse voluptate iusto libero occaecati dolores. Deserunt corrupti qui explicabo nisi ipsum sit consequatur impedit.""",0,"0000-00-00 00:00:00","0000-00-00 00:00:00"
87,0,"""Consectetur aspernatur ut est voluptatem. Dolorum minus pariatur beatae earum. Distinctio repellendus inventore id neque aut facilis. Et quae distinctio beatae fugiat.""",0,"0000-00-00 00:00:00","0000-00-00 00:00:00"
88,0,"""Et provident molestias at. Ut aut est dolor corporis culpa laborum fugit. Consequatur beatae sed minima aspernatur quaerat deleniti possimus. Id rerum ad ipsam reprehenderit consequatur.""",0,"0000-00-00 00:00:00","0000-00-00 00:00:00"
89,0,"""Ut quo soluta ut est. Molestiae iusto ut dolorem. Voluptatem similique veritatis omnis officia voluptatem animi tempore et.""",0,"0000-00-00 00:00:00","0000-00-00 00:00:00"
90,0,"""Quia nobis quas debitis eveniet. Magnam vero consequuntur dolorem ea. Et aut sint quia quaerat accusamus nostrum. Expedita dolorum sed quidem incidunt. Ipsum at neque deserunt soluta.""",0,"0000-00-00 00:00:00","0000-00-00 00:00:00"
91,0,"""Dolores consectetur rem esse qui deleniti eos rerum. Ex odio voluptas voluptatum blanditiis doloremque non. Est dolore eum qui facere quam.""",0,"0000-00-00 00:00:00","0000-00-00 00:00:00"
92,0,"""Incidunt sapiente ut enim dolorum quidem et. Odit aut accusamus et nam dolores aut. Quas eos vel eos. Ab et blanditiis repellendus voluptatem. Veritatis magni consequuntur esse eligendi.""",0,"0000-00-00 00:00:00","0000-00-00 00:00:00"
93,0,"""Rerum quod quisquam officia cupiditate accusamus. Hic qui recusandae veniam eum qui quo explicabo. Eius voluptatum quod dicta magnam non nemo. Sed quia sit dolores ea inventore.""",0,"0000-00-00 00:00:00","0000-00-00 00:00:00"
94,0,"""Aspernatur et quisquam voluptatem praesentium eveniet aliquam rem. Laudantium qui pariatur dolor voluptates qui eos.""",0,"0000-00-00 00:00:00","0000-00-00 00:00:00"
95,0,"""Fugiat odit repudiandae placeat corporis recusandae aliquam. Aut sunt sint sequi hic. In necessitatibus repudiandae corporis.""",0,"0000-00-00 00:00:00","0000-00-00 00:00:00"
96,0,"""Quis aliquam illum sapiente aut. Ducimus et eos qui cupiditate quia sed ut. Veritatis ex ducimus et sit eos consequatur. Fuga qui doloribus eligendi aliquam.""",0,"0000-00-00 00:00:00","0000-00-00 00:00:00"
97,0,"""Perferendis tempora eius ipsa vel odio doloremque sed. Neque consequatur laborum quaerat qui.""",0,"0000-00-00 00:00:00","0000-00-00 00:00:00"
98,0,"""Sunt itaque exercitationem eos velit rerum laboriosam et. Iste omnis exercitationem eaque quidem sed quae consequatur. Et est rerum pariatur cumque cum aperiam. Dolor officiis molestiae rem magni.""",0,"0000-00-00 00:00:00","0000-00-00 00:00:00"
99,0,"""Quia aut explicabo quia unde tempore quae. Asperiores rerum alias sint velit. Nisi qui corporis nihil nobis officia magni. Ea est dolorum ipsa ipsa repellendus sit voluptatem.""",0,"0000-00-00 00:00:00","0000-00-00 00:00:00"
100,0,"""Voluptatum earum expedita deserunt vitae quod. Perspiciatis incidunt omnis ut molestiae ducimus rerum enim. Inventore fuga repellat doloribus vitae eum. Cupiditate velit tempore in quis a.""",0,"0000-00-00 00:00:00","0000-00-00 00:00:00"
101,0,"""Recusandae non ut voluptatem perspiciatis sunt voluptatem vero tenetur. Explicabo eligendi corporis quo aut repellendus est. Quas nesciunt blanditiis quis et dolores alias.""",0,"0000-00-00 00:00:00","0000-00-00 00:00:00"
102,0,"""Omnis debitis est et tempora. Et quia rem quasi enim. Qui quia quia qui qui esse magnam cupiditate. Ea et eos expedita exercitationem quia ad et.""",0,"0000-00-00 00:00:00","0000-00-00 00:00:00"
103,0,"""Ipsum quasi est laboriosam fugiat quo officia earum repellendus. Officia fugit dolore omnis possimus accusamus odio fugiat. Iste qui et est. Nihil veniam non quae fugit.""",0,"0000-00-00 00:00:00","0000-00-00 00:00:00"
104,0,"""Iste autem eum corporis sed repudiandae natus et. At neque reprehenderit iure eum itaque. Reiciendis nulla optio sint cum velit.""",0,"0000-00-00 00:00:00","0000-00-00 00:00:00"
105,0,"""Doloremque quisquam reprehenderit ab beatae eius laudantium. Et veniam ea eos reprehenderit aut tempore dolor. Aspernatur aliquam impedit aut architecto minima.""",0,"0000-00-00 00:00:00","0000-00-00 00:00:00"
106,0,"""Quisquam sit et in et aut voluptates. Quidem saepe rem quo quia molestiae eum. Quos id aut laudantium enim quos distinctio. Temporibus culpa magnam et nisi.""",0,"0000-00-00 00:00:00","0000-00-00 00:00:00"
107,0,"""Aperiam ut eius magnam sed. Velit voluptas fugiat laboriosam. Quasi quam eum quibusdam accusamus.""",0,"0000-00-00 00:00:00","0000-00-00 00:00:00"
108,0,"""A tempora vitae perferendis minima. Ipsa quis ut temporibus expedita. Vel repellendus error quasi aut. Laboriosam iste ducimus ullam rem et explicabo. Est at hic explicabo temporibus.""",0,"0000-00-00 00:00:00","0000-00-00 00:00:00"
109,0,"""Consequuntur enim quibusdam id similique laborum. Enim odio quo et et nisi dicta. Sapiente omnis aliquid odio autem. Eaque officia laborum in facere. Dolorem quis alias natus sed fuga atque.""",0,"0000-00-00 00:00:00","0000-00-00 00:00:00"
110,0,"""Blanditiis veritatis mollitia facere et aut quia illo. Vero nam sit id qui quidem. Ut temporibus voluptates dolor est praesentium sint. Et neque est culpa.""",0,"0000-00-00 00:00:00","0000-00-00 00:00:00"
111,0,"""Officia qui quibusdam perspiciatis excepturi est architecto cupiditate. In sed omnis saepe aliquid nam aliquam velit. Id labore laboriosam voluptatem ex et ea. Veritatis eos repellat deserunt qui ut.""",0,"0000-00-00 00:00:00","0000-00-00 00:00:00"
112,0,"""Sequi voluptas cupiditate harum non. Nisi ut quam distinctio quo. Nam ipsa possimus nihil aut.",,,
113,0,"""2014-04-23 11:27:53""",0,"0000-00-00 00:00:00",
114,0,"""Blanditiis architecto iste aut tempore fugit itaque sed. Delectus cupiditate reiciendis praesentium rerum labore. Facere ea iste enim aut architecto. Aut quisquam corrupti aut id qui eos.""",0,"0000-00-00 00:00:00","0000-00-00 00:00:00"
115,0,"""Doloribus delectus nostrum repellat officia. Est nostrum ea dolorum dolor unde minima quia. Quibusdam molestiae dolore suscipit rem quis.""",0,"0000-00-00 00:00:00","0000-00-00 00:00:00"
116,0,"""Labore fugiat tempore illum voluptates repellat. Distinctio perspiciatis doloremque qui dolor laborum qui quod. Debitis qui ut numquam vel ab omnis fugit fuga.""",0,"0000-00-00 00:00:00","0000-00-00 00:00:00"
117,0,"""Sequi odit est est. Voluptatem cumque saepe consequatur ut est. Est iure ut nesciunt veniam hic sapiente.""",0,"0000-00-00 00:00:00","0000-00-00 00:00:00"
118,0,"""Culpa quis adipisci incidunt omnis officiis. Hic ipsam totam quibusdam consequuntur rerum nesciunt aperiam. Qui alias dolor fugiat sint dolor quia omnis. Aut in ut illum ad eum qui.""",0,"0000-00-00 00:00:00","0000-00-00 00:00:00"
119,0,"""Aut minima ut qui consectetur culpa distinctio eius et. Alias inventore pariatur dolores quae velit pariatur commodi et. Hic quam aut odio omnis veniam.""",0,"0000-00-00 00:00:00","0000-00-00 00:00:00"
120,0,"""Et ullam quibusdam omnis at ducimus in beatae reprehenderit. Doloremque labore repudiandae quam dolorum est dolorem. Eos ex alias quas. Inventore quaerat est nobis.""",0,"0000-00-00 00:00:00","0000-00-00 00:00:00"
121,0,"""Ratione rerum velit fuga id sed at. Sunt quo consequatur excepturi vel est molestias rerum. Sit officia dolor qui id numquam. Accusamus cum animi illo id.""",0,"0000-00-00 00:00:00","0000-00-00 00:00:00"
122,0,"""Sequi optio consequuntur quia accusantium optio ab. Consequatur delectus libero iure in eos est. Quas atque tenetur officiis eum voluptatem qui magnam. Reiciendis et asperiores placeat at.""",0,"0000-00-00 00:00:00","0000-00-00 00:00:00"
123,0,"""Sed commodi aut dolores voluptatem saepe consequatur. Et laboriosam dignissimos alias doloribus magni dolores.""",0,"0000-00-00 00:00:00","0000-00-00 00:00:00"
124,0,"""Aperiam iste sed doloribus amet sed sit. Pariatur sint debitis quis harum voluptatem quo. Ut qui debitis sequi repudiandae. Eius voluptatem sit quas vitae. Sint dolores quae id qui sint est.""",0,"0000-00-00 00:00:00","0000-00-00 00:00:00"
125,0,"""Dolore eos eligendi reprehenderit. Iure exercitationem tempora officia eveniet. Id est laboriosam ea consequatur. Non adipisci nisi distinctio hic quisquam.""",0,"0000-00-00 00:00:00","0000-00-00 00:00:00"
126,0,"""Praesentium omnis quis qui occaecati aut autem enim. Itaque ullam voluptatem officiis voluptatum dolorum laudantium et.""",0,"0000-00-00 00:00:00","0000-00-00 00:00:00"
127,0,"""Qui consequatur aut temporibus maiores. Maiores aliquid iure distinctio enim ullam cum. Consequuntur voluptatem natus molestias ipsam eos. Eos et nulla ex excepturi adipisci.""",0,"0000-00-00 00:00:00","0000-00-00 00:00:00"
128,0,"""Saepe eum sunt aspernatur dicta alias sit neque. Nostrum repellat expedita suscipit incidunt.""",0,"0000-00-00 00:00:00","0000-00-00 00:00:00"
129,0,"""Rem quia nostrum ipsa et in corrupti neque. Enim et qui dolor eos tempore rerum saepe. Expedita sit minus asperiores perspiciatis magnam modi.""",0,"0000-00-00 00:00:00","0000-00-00 00:00:00"
130,0,"""In eveniet blanditiis omnis dolor doloremque. Odio cum quis vitae qui. Quisquam ipsa quisquam est excepturi sed qui. Ut illum aperiam ut eum. At suscipit consequatur voluptas quo non ut.""",0,"0000-00-00 00:00:00","0000-00-00 00:00:00"
131,0,"""Cumque quia sed velit est. Esse iusto consequuntur neque maiores tempora. Sunt iure expedita sed sed aliquid. Accusamus est recusandae porro quae commodi sint voluptatem.""",0,"0000-00-00 00:00:00","0000-00-00 00:00:00"
132,0,"""Quo distinctio animi culpa quas blanditiis rerum. Iusto sunt voluptas consequuntur dolor possimus totam ut. Culpa earum voluptas suscipit pariatur optio dolor.""",0,"0000-00-00 00:00:00","0000-00-00 00:00:00"
133,0,"""Suscipit fuga perspiciatis at ipsam doloribus magnam alias. Vel porro deleniti optio omnis. Nostrum beatae voluptate iusto perspiciatis modi ea.""",0,"0000-00-00 00:00:00","0000-00-00 00:00:00"
134,0,"""Quia id quisquam sit ratione ratione sapiente consectetur quo. Dolorem quo voluptatem occaecati dolores quam esse quia. Reiciendis aspernatur ducimus error incidunt.""",0,"0000-00-00 00:00:00","0000-00-00 00:00:00"
135,0,"""Alias vel modi laborum quas unde. Eos rerum culpa illo nostrum enim. Vel molestiae dolorem eum amet possimus minus eos.""",0,"0000-00-00 00:00:00","0000-00-00 00:00:00"
136,0,"""Similique aut cum quam voluptas pariatur non. Enim tempora accusantium consequatur dolorem. Fugiat non dignissimos quibusdam id vitae similique magni.""",0,"0000-00-00 00:00:00","0000-00-00 00:00:00"
137,0,"""Voluptatem incidunt doloremque quaerat qui. Voluptas incidunt neque vel sapiente possimus aut numquam aut. Adipisci fugiat fugiat fugiat eos porro et maiores. Ut quo laborum qui voluptas dolores.""",0,"0000-00-00 00:00:00","0000-00-00 00:00:00"
138,0,"""Cum illum eligendi reiciendis corporis quo repudiandae impedit. Soluta amet saepe vel voluptas neque. Qui commodi qui molestias rerum repellat qui.""",0,"0000-00-00 00:00:00","0000-00-00 00:00:00"
139,0,"""Labore natus nostrum dolore consequuntur. Quas eius earum quod in. Autem cum molestiae consectetur labore animi.",,,
140,0,"""2013-11-03 16:23:56""",0,"0000-00-00 00:00:00",
141,0,"""Recusandae quisquam ut earum quis. Enim consectetur perferendis id rerum quas vel. Accusantium quia voluptate ab. Unde autem aliquam hic autem in inventore adipisci ut.""",0,"0000-00-00 00:00:00","0000-00-00 00:00:00"
142,0,"""Magni cupiditate eum eaque omnis tempora sit aperiam. Tempora tempora delectus nihil quis autem non. Est modi magni ad vel non est dolor. Magnam reiciendis odit cum beatae.""",0,"0000-00-00 00:00:00","0000-00-00 00:00:00"
143,0,"""Autem veniam blanditiis illum recusandae aut laboriosam nam. Vel nemo laborum ducimus dolores aperiam corrupti. Qui et quae quod quia consequatur. Asperiores culpa aut qui dolor.""",0,"0000-00-00 00:00:00","0000-00-00 00:00:00"
144,0,"""Omnis aperiam laudantium suscipit similique et possimus laborum laborum. Quo ut similique rerum. Quia iusto vitae dolores suscipit quo qui est. Et dolor quasi nam sit quod.""",0,"0000-00-00 00:00:00","0000-00-00 00:00:00"
145,0,"""Aut dolor ad est impedit error illum enim. Aut possimus aspernatur rerum consequatur. Sunt quia quo doloremque perspiciatis possimus quia. Temporibus natus ex repellendus cum.""",0,"0000-00-00 00:00:00","0000-00-00 00:00:00"
146,0,"""Quibusdam qui qui commodi illo deleniti. Qui et accusamus sit voluptatem labore. Amet enim sit earum ut. Non et libero aut repellat.""",0,"0000-00-00 00:00:00","0000-00-00 00:00:00"
