"id","first_name","last_name","email","phone","created_at","updated_at","201","Allie","Collier","fconnelly@example.com","232-237-7860x848","2013-04-28 11:20:37","2017-04-18 08:47:52","birthday"
257,"""Allie""","""Collier""","""fconnelly@example.com""","""232-237-7860x848""","0000-00-00 00:00:00","2021-01-18 12:59:00",0,,,,,,,"1980-01-18 00:00:00"
258,"""Hazle""","""Steuber""","""lehner.gwen@example.net""","""(616)687-4370x05170","0000-00-00 00:00:00","2021-01-18 12:59:00",0,,,,,,,"1934-01-18 00:00:00"
259,"""Michele""","""Lesch""","""jaden.blanda@example.com""","""+61(8)4564378426""","0000-00-00 00:00:00","2021-01-18 12:59:00",0,,,,,,,"2007-01-18 00:00:00"
260,"""Paige""","""Schaden""","""jarrod46@example.net""","""193-224-3117""","0000-00-00 00:00:00","2021-01-18 12:59:00",0,,,,,,,"2012-01-18 00:00:00"
261,"""Lue""","""Walter""","""idella.nader@example.net""","""(479)904-0937x7088""","0000-00-00 00:00:00","2021-01-18 12:59:00",0,,,,,,,"2016-01-18 00:00:00"
262,"""Verna""","""Streich""","""mekhi53@example.com""","""(461)650-8043""","0000-00-00 00:00:00","2021-01-18 12:59:00",0,,,,,,,"1926-01-18 00:00:00"
263,"""Adela""","""Beier""","""shanel.schumm@example.com""","""830.041.0421""","0000-00-00 00:00:00","2021-01-18 12:59:00",0,,,,,,,"1960-01-18 00:00:00"
264,"""Gregoria""","""Muller""","""fern68@example.org""","""(657)398-9146""","0000-00-00 00:00:00","2021-01-18 12:59:00",0,,,,,,,"2001-01-18 00:00:00"
265,"""Bertha""","""Windler""","""amira.haag@example.com""","""+35(2)9998086323""","0000-00-00 00:00:00","2021-01-18 12:59:00",0,,,,,,,"2002-01-18 00:00:00"
266,"""Loren""","""Vandervort""","""stokes.evie@example.com""","""890-096-2598x688""","0000-00-00 00:00:00","2021-01-18 12:59:00",0,,,,,,,"1989-01-18 00:00:00"
267,"""Brandt""","""Romaguera""","""kovacek.modesta@example.com""","""(317)983-2305""","0000-00-00 00:00:00","2021-01-18 12:59:00",0,,,,,,,"2018-01-18 00:00:00"
268,"""Golda""","""Carter""","""uhomenick@example.org""","""870-162-3107x8513""","0000-00-00 00:00:00","2021-01-18 12:59:00",0,,,,,,,"2003-01-18 00:00:00"
269,"""Julianne""","""Towne""","""abbott.brenna@example.net""","""903.203.9834x32377""","0000-00-00 00:00:00","2021-01-18 12:59:00",0,,,,,,,"1940-01-18 00:00:00"
270,"""Zachery""","""Kulas""","""mthiel@example.com""","""(058)116-3232""","0000-00-00 00:00:00","2021-01-18 12:59:00",0,,,,,,,"1968-01-18 00:00:00"
271,"""Rory""","""Beatty""","""cayla.kub@example.net""","""298.823.4560x10043""","0000-00-00 00:00:00","2021-01-18 12:59:00",0,,,,,,,"2001-01-18 00:00:00"
272,"""Winifred""","""Reynolds""","""nedra.cormier@example.org""","""1-081-216-2546x329""","0000-00-00 00:00:00","2021-01-18 12:59:00",0,,,,,,,"1978-01-18 00:00:00"
273,"""Weston""","""Bradtke""","""amir.larson@example.net""","""1-801-580-7944x5895","0000-00-00 00:00:00","2021-01-18 12:59:00",0,,,,,,,"1966-01-18 00:00:00"
274,"""Edna""","""Brekke""","""devan88@example.org""","""223.514.9515""","0000-00-00 00:00:00","2021-01-18 12:59:00",0,,,,,,,"1974-01-18 00:00:00"
275,"""Eldora""","""Graham""","""anais04@example.org""","""405.327.6217""","0000-00-00 00:00:00","2021-01-18 12:59:00",0,,,,,,,"1951-01-18 00:00:00"
276,"""Chad""","""Treutel""","""dswift@example.net""","""321.532.1737""","0000-00-00 00:00:00","2021-01-18 12:59:00",0,,,,,,,"2012-01-18 00:00:00"
277,"""Jaquan""","""Powlowski""","""mitchell.aletha@example.com""","""525-877-9689""","0000-00-00 00:00:00","2021-01-18 12:59:00",0,,,,,,,"1988-01-18 00:00:00"
278,"""Tyrese""","""Reichel""","""carrie50@example.org""","""362.098.7699x851""","0000-00-00 00:00:00","2021-01-18 12:59:00",0,,,,,,,"1981-01-18 00:00:00"
279,"""Germaine""","""Treutel""","""gdonnelly@example.com""","""09924094954""","0000-00-00 00:00:00","2021-01-18 12:59:00",0,,,,,,,"2020-01-18 00:00:00"
280,"""Gene""","""Ondricka""","""leilani86@example.net""","""1-420-440-2360x105""","0000-00-00 00:00:00","2021-01-18 12:59:00",0,,,,,,,"1936-01-18 00:00:00"
281,"""Brennan""","""Satterfield""","""brown.hortense@example.org""","""(494)679-0883x958""","0000-00-00 00:00:00","2021-01-18 12:59:00",0,,,,,,,"2001-01-18 00:00:00"
282,"""Percival""","""Grant""","""rosamond.kemmer@example.com""","""834-473-4882""","0000-00-00 00:00:00","2021-01-18 12:59:00",0,,,,,,,"1976-01-18 00:00:00"
283,"""Loraine""","""Gleason""","""fletcher.bernier@example.net""","""604-762-0565""","0000-00-00 00:00:00","2021-01-18 12:59:00",0,,,,,,,"1954-01-18 00:00:00"
284,"""Lorenz""","""Keebler""","""emory83@example.com""","""002-888-1365""","0000-00-00 00:00:00","2021-01-18 12:59:00",0,,,,,,,"2021-01-18 00:00:00"
285,"""Zackary""","""Larson""","""sokuneva@example.com""","""225.938.7165""","0000-00-00 00:00:00","2021-01-18 12:59:00",0,,,,,,,"1921-01-18 00:00:00"
286,"""Kaylee""","""Schmidt""","""kelli00@example.net""","""05587067658""","0000-00-00 00:00:00","2021-01-18 12:59:00",0,,,,,,,"1922-01-18 00:00:00"
287,"""Elton""","""Kris""","""rupert37@example.net""","""376-497-7816x1775""","0000-00-00 00:00:00","2021-01-18 12:59:00",0,,,,,,,"1927-01-18 00:00:00"
288,"""Abigail""","""Conn""","""zfranecki@example.net""","""987.063.0069x809""","0000-00-00 00:00:00","2021-01-18 12:59:00",0,,,,,,,"1947-01-18 00:00:00"
289,"""Herman""","""Stroman""","""scummerata@example.com""","""(998)370-9263""","0000-00-00 00:00:00","2021-01-18 12:59:00",0,,,,,,,"1935-01-18 00:00:00"
290,"""Luis""","""Baumbach""","""beahan.juanita@example.org""","""966-174-8099x1483""","0000-00-00 00:00:00","2021-01-18 12:59:00",0,,,,,,,"2010-01-18 00:00:00"
291,"""Veronica""","""Schaefer""","""lindsey42@example.org""","""+94(9)7877297250""","0000-00-00 00:00:00","2021-01-18 12:59:00",0,,,,,,,"1924-01-18 00:00:00"
292,"""Aracely""","""Beier""","""jolie.koch@example.com""","""(012)997-9353x5578""","0000-00-00 00:00:00","2021-01-18 12:59:00",0,,,,,,,"1968-01-18 00:00:00"
293,"""Calista""","""Torphy""","""pablo.reilly@example.com""","""1-227-390-9450""","0000-00-00 00:00:00","2021-01-18 12:59:00",0,,,,,,,"1949-01-18 00:00:00"
294,"""Alf""","""Balistreri""","""agoodwin@example.org""","""546.466.9863x21027""","0000-00-00 00:00:00","2021-01-18 12:59:00",0,,,,,,,"1922-01-18 00:00:00"
295,"""Taurean""","""Schinner""","""luettgen.ocie@example.org""","""1-681-562-6122x645""","0000-00-00 00:00:00","2021-01-18 12:59:00",0,,,,,,,"1939-01-18 00:00:00"
296,"""Daphney""","""Nolan""","""melisa.hills@example.org""","""903-357-4068x408""","0000-00-00 00:00:00","2021-01-18 12:59:00",0,,,,,,,"2008-01-18 00:00:00"
297,"""Okey""","""Lebsack""","""nicole45@example.com""","""05429735537""","0000-00-00 00:00:00","2021-01-18 12:59:00",0,,,,,,,"2001-01-18 00:00:00"
298,"""Nathanael""","""Corkery""","""roma.kuhn@example.com""","""487.198.2886""","0000-00-00 00:00:00","2021-01-18 12:59:00",0,,,,,,,"1963-01-18 00:00:00"
299,"""Amanda""","""Reinger""","""madie.pfannerstill@example.com""","""07386133947""","0000-00-00 00:00:00","2021-01-18 12:59:00",0,,,,,,,"1990-01-18 00:00:00"
300,"""Sid""","""Dickens""","""demond.dibbert@example.org""","""813.944.2819""","0000-00-00 00:00:00","2021-01-18 12:59:00",0,,,,,,,"1938-01-18 00:00:00"
301,"""Aidan""","""Goyette""","""tony05@example.net""","""(373)917-6843""","0000-00-00 00:00:00","2021-01-18 12:59:00",0,,,,,,,"1999-01-18 00:00:00"
302,"""Rhiannon""","""Emmerich""","""walton.stehr@example.com""","""1-563-376-1040x3420","0000-00-00 00:00:00","2021-01-18 12:59:00",0,,,,,,,"1962-01-18 00:00:00"
303,"""Leila""","""Cartwright""","""pouros.dayton@example.net""","""403.672.8238""","0000-00-00 00:00:00","2021-01-18 12:59:00",0,,,,,,,"1991-01-18 00:00:00"
304,"""Enos""","""Paucek""","""jarvis53@example.org""","""510.453.1020""","0000-00-00 00:00:00","2021-01-18 12:59:00",0,,,,,,,"1948-01-18 00:00:00"
305,"""Trevion""","""Runte""","""morton.kub@example.org""","""+42(6)9434410743""","0000-00-00 00:00:00","2021-01-18 12:59:00",0,,,,,,,"1946-01-18 00:00:00"
306,"""Edwardo""","""Prohaska""","""leilani42@example.com""","""(251)532-0428x92661","0000-00-00 00:00:00","2021-01-18 12:59:00",0,,,,,,,"1966-01-18 00:00:00"
307,"""Wilhelm""","""Harris""","""marjolaine.jacobson@example.org""","""316.842.9069x05099""","0000-00-00 00:00:00","2021-01-18 12:59:00",0,,,,,,,"1971-01-18 00:00:00"
308,"""Kayla""","""Fisher""","""lebsack.alta@example.org""","""02575591222""","0000-00-00 00:00:00","2021-01-18 12:59:00",0,,,,,,,"1935-01-18 00:00:00"
309,"""Ramiro""","""Pacocha""","""assunta.buckridge@example.com""","""(736)088-9817x8617""","0000-00-00 00:00:00","2021-01-18 12:59:00",0,,,,,,,"1941-01-18 00:00:00"
310,"""Garnett""","""Quigley""","""eva.cummings@example.net""","""496-865-7974x323""","0000-00-00 00:00:00","2021-01-18 12:59:00",0,,,,,,,"1980-01-18 00:00:00"
311,"""Hertha""","""Effertz""","""hector77@example.net""","""(455)899-7571""","0000-00-00 00:00:00","2021-01-18 12:59:00",0,,,,,,,"1954-01-18 00:00:00"
312,"""Reanna""","""Bednar""","""powlowski.felix@example.net""","""1-597-816-3233x4503","0000-00-00 00:00:00","2021-01-18 12:59:00",0,,,,,,,"2012-01-18 00:00:00"
313,"""Nick""","""Upton""","""davon92@example.com""","""388-311-0191x50440""","0000-00-00 00:00:00","2021-01-18 12:59:00",0,,,,,,,"1974-01-18 00:00:00"
314,"""Kelton""","""Quigley""","""genesis.friesen@example.org""","""328.169.6507x3487""","0000-00-00 00:00:00","2021-01-18 12:59:00",0,,,,,,,"2015-01-18 00:00:00"
315,"""Rosemary""","""Schoen""","""meagan.renner@example.net""","""964-528-1554x6129""","0000-00-00 00:00:00","2021-01-18 12:59:00",0,,,,,,,"1933-01-18 00:00:00"
316,"""Adeline""","""Moen""","""qschmidt@example.com""","""04235100176""","0000-00-00 00:00:00","2021-01-18 12:59:00",0,,,,,,,"1997-01-18 00:00:00"
317,"""Cicero""","""Steuber""","""abe91@example.net""","""568.280.6093x41796""","0000-00-00 00:00:00","2021-01-18 12:59:00",0,,,,,,,"1964-01-18 00:00:00"
318,"""Gregoria""","""Metz""","""llewellyn.abbott@example.net""","""805-512-6256""","0000-00-00 00:00:00","2021-01-18 12:59:00",0,,,,,,,"2011-01-18 00:00:00"
319,"""Carolanne""","""Lang""","""madie76@example.org""","""03870275340""","0000-00-00 00:00:00","2021-01-18 12:59:00",0,,,,,,,"1941-01-18 00:00:00"
320,"""Wava""","""Mertz""","""trent08@example.net""","""070.001.5010x9803""","0000-00-00 00:00:00","2021-01-18 12:59:00",0,,,,,,,"1949-01-18 00:00:00"
321,"""Jennings""","""Schneider""","""oral.pfannerstill@example.net""","""(776)253-6545x0066""","0000-00-00 00:00:00","2021-01-18 12:59:00",0,,,,,,,"2002-01-18 00:00:00"
322,"""Hertha""","""Konopelski""","""ibeer@example.com""","""+30(7)7449192148""","0000-00-00 00:00:00","2021-01-18 12:59:00",0,,,,,,,"1943-01-18 00:00:00"
323,"""Jadon""","""Brown""","""naomi.steuber@example.org""","""892-272-6797x4699""","0000-00-00 00:00:00","2021-01-18 12:59:00",0,,,,,,,"1986-01-18 00:00:00"
324,"""Kira""","""Carter""","""shana19@example.org""","""(347)337-6473""","0000-00-00 00:00:00","2021-01-18 12:59:00",0,,,,,,,"1983-01-18 00:00:00"
325,"""Theron""","""Langosh""","""ymarks@example.org""","""852-172-0972x2846""","0000-00-00 00:00:00","2021-01-18 12:59:00",0,,,,,,,"1935-01-18 00:00:00"
326,"""Heidi""","""Hegmann""","""vrau@example.org""","""(865)550-2868""","0000-00-00 00:00:00","2021-01-18 12:59:00",0,,,,,,,"2003-01-18 00:00:00"
327,"""Ellie""","""Marvin""","""dchristiansen@example.com""","""574-255-9951""","0000-00-00 00:00:00","2021-01-18 12:59:00",0,,,,,,,"1990-01-18 00:00:00"
328,"""Dallas""","""Ruecker""","""hamill.marie@example.org""","""02038983107""","0000-00-00 00:00:00","2021-01-18 12:59:00",0,,,,,,,"2020-01-18 00:00:00"
329,"""Cameron""","""Bode""","""amelia29@example.org""","""(022)063-0191""","0000-00-00 00:00:00","2021-01-18 12:59:00",0,,,,,,,"2009-01-18 00:00:00"
330,"""Cheyanne""","""Armstrong""","""npowlowski@example.org""","""923.834.7591""","0000-00-00 00:00:00","2021-01-18 12:59:00",0,,,,,,,"1965-01-18 00:00:00"
331,"""Christelle""","""Wunsch""","""glen.deckow@example.org""","""+17(3)7116215652""","0000-00-00 00:00:00","2021-01-18 12:59:00",0,,,,,,,"1976-01-18 00:00:00"
332,"""Warren""","""Brown""","""sbotsford@example.com""","""01605016573""","0000-00-00 00:00:00","2021-01-18 12:59:00",0,,,,,,,"1964-01-18 00:00:00"
333,"""Gwen""","""Mraz""","""margot33@example.com""","""(794)492-0792x8489""","0000-00-00 00:00:00","2021-01-18 12:59:00",0,,,,,,,"1972-01-18 00:00:00"
334,"""Jasmin""","""Herman""","""camylle99@example.com""","""02966886762""","0000-00-00 00:00:00","2021-01-18 12:59:00",0,,,,,,,"1946-01-18 00:00:00"
335,"""Arlene""","""Witting""","""hershel.welch@example.net""","""(040)115-2108x390""","0000-00-00 00:00:00","2021-01-18 12:59:00",0,,,,,,,"1994-01-18 00:00:00"
336,"""Talia""","""Blick""","""asha.rath@example.org""","""584.068.0457x693""","0000-00-00 00:00:00","2021-01-18 12:59:00",0,,,,,,,"2011-01-18 00:00:00"
337,"""Darrin""","""O'Kon""","""awill@example.org""","""00333621371""","0000-00-00 00:00:00","2021-01-18 12:59:00",0,,,,,,,"1953-01-18 00:00:00"
338,"""Jacinto""","""Dicki""","""harber.dejah@example.net""","""186.022.8003x68937""","0000-00-00 00:00:00","2021-01-18 12:59:00",0,,,,,,,"2011-01-18 00:00:00"
339,"""Joanie""","""Fahey""","""matt55@example.org""","""1-571-005-4814x709""","0000-00-00 00:00:00","2021-01-18 12:59:00",0,,,,,,,"1976-01-18 00:00:00"
340,"""Carrie""","""Kessler""","""moore.destiney@example.org""","""1-590-667-9901x624""","0000-00-00 00:00:00","2021-01-18 12:59:00",0,,,,,,,"1923-01-18 00:00:00"
341,"""Justen""","""Cormier""","""raven.pacocha@example.com""","""542.822.6556""","0000-00-00 00:00:00","2021-01-18 12:59:00",0,,,,,,,"1969-01-18 00:00:00"
342,"""Arielle""","""Schiller""","""kohler.brendon@example.org""","""+67(4)5795703905""","0000-00-00 00:00:00","2021-01-18 12:59:00",0,,,,,,,"1952-01-18 00:00:00"
343,"""Makayla""","""Leffler""","""selina.braun@example.org""","""1-575-153-4589x6220","0000-00-00 00:00:00","2021-01-18 12:59:00",0,,,,,,,"1934-01-18 00:00:00"
344,"""Kelli""","""Walter""","""addie35@example.com""","""+54(6)1674364810""","0000-00-00 00:00:00","2021-01-18 12:59:00",0,,,,,,,"1994-01-18 00:00:00"
345,"""Lue""","""Kautzer""","""johnston.casandra@example.net""","""632.221.1708x625""","0000-00-00 00:00:00","2021-01-18 12:59:00",0,,,,,,,"1947-01-18 00:00:00"
346,"""Norwood""","""Keebler""","""hilll.sylvia@example.com""","""1-927-720-2169""","0000-00-00 00:00:00","2021-01-18 12:59:00",0,,,,,,,"1932-01-18 00:00:00"
347,"""Ethel""","""Green""","""felix.hermann@example.org""","""(278)616-6501x97134","0000-00-00 00:00:00","2021-01-18 12:59:00",0,,,,,,,"1997-01-18 00:00:00"
348,"""Eileen""","""Ledner""","""anna.herzog@example.net""","""(695)474-0266x464""","0000-00-00 00:00:00","2021-01-18 12:59:00",0,,,,,,,"1969-01-18 00:00:00"
349,"""Enoch""","""Wolff""","""eullrich@example.net""","""324-338-4622x637""","0000-00-00 00:00:00","2021-01-18 12:59:00",0,,,,,,,"1933-01-18 00:00:00"
350,"""Moshe""","""Paucek""","""yvonrueden@example.com""","""844.050.5541x4442""","0000-00-00 00:00:00","2021-01-18 12:59:00",0,,,,,,,"1936-01-18 00:00:00"
351,"""Leanne""","""Hintz""","""marcelo69@example.com""","""930-711-7209x80197""","0000-00-00 00:00:00","2021-01-18 12:59:00",0,,,,,,,"1962-01-18 00:00:00"
352,"""Brooks""","""Bruen""","""brown.breana@example.com""","""1-361-129-4993""","0000-00-00 00:00:00","2021-01-18 12:59:00",0,,,,,,,"1981-01-18 00:00:00"
353,"""Delpha""","""Metz""","""maxine22@example.com""","""786.545.9537x50070""","0000-00-00 00:00:00","2021-01-18 12:59:00",0,,,,,,,"1996-01-18 00:00:00"
354,"""Georgette""","""Stracke""","""janet89@example.net""","""(816)932-8226""","0000-00-00 00:00:00","2021-01-18 12:59:00",0,,,,,,,"2017-01-18 00:00:00"
355,"""Aditya""","""O'Keefe""","""billie85@example.com""","""438-996-0201x361""","0000-00-00 00:00:00","2021-01-18 12:59:00",0,,,,,,,"1976-01-18 00:00:00"
356,"""Katelyn""","""Rowe""","""dicki.madelyn@example.com""","""050.176.4818x8105""","0000-00-00 00:00:00","2021-01-18 12:59:00",0,,,,,,,"2008-01-18 00:00:00"
357,"""Myrtle""","""Carroll""","""maia31@example.com""","""+74(7)5124595177""","0000-00-00 00:00:00","2021-01-18 12:59:00",0,,,,,,,"1990-01-18 00:00:00"
358,"""Shirley""","""Torphy""","""glynch@example.com""","""04389564560""","0000-00-00 00:00:00","2021-01-18 12:59:00",0,,,,,,,"2005-01-18 00:00:00"
359,"""Amelia""","""Fay""","""tcartwright@example.org""","""677-867-0075x89725""","0000-00-00 00:00:00","2021-01-18 12:59:00",0,,,,,,,"1934-01-18 00:00:00"
360,"""Immanuel""","""Jerde""","""meggie.reinger@example.com""","""(718)524-9664""","0000-00-00 00:00:00","2021-01-18 12:59:00",0,,,,,,,"1933-01-18 00:00:00"
361,"""Eldred""","""Schowalter""","""gbahringer@example.net""","""241-699-2371x929""","0000-00-00 00:00:00","2021-01-18 12:59:00",0,,,,,,,"1941-01-18 00:00:00"
362,"""Rudolph""","""Sipes""","""oauer@example.org""","""935.646.9851""","0000-00-00 00:00:00","2021-01-18 12:59:00",0,,,,,,,"1988-01-18 00:00:00"
363,"""Emilio""","""Macejkovic""","""dboyer@example.com""","""1-537-249-7316""","0000-00-00 00:00:00","2021-01-18 12:59:00",0,,,,,,,"1995-01-18 00:00:00"
364,"""Marta""","""Gibson""","""jerod32@example.net""","""234.711.1034x77052""","0000-00-00 00:00:00","2021-01-18 12:59:00",0,,,,,,,"1991-01-18 00:00:00"
365,"""Raul""","""Brown""","""xhartmann@example.net""","""469-064-4994""","0000-00-00 00:00:00","2021-01-18 12:59:00",0,,,,,,,"1947-01-18 00:00:00"
366,"""Demario""","""O'Reilly""","""saul.strosin@example.com""","""(270)694-8833x08833","0000-00-00 00:00:00","2021-01-18 12:59:00",0,,,,,,,"1941-01-18 00:00:00"
367,"""Timmy""","""Rolfson""","""hintz.oran@example.org""","""(659)633-6816""","0000-00-00 00:00:00","2021-01-18 12:59:00",0,,,,,,,"1942-01-18 00:00:00"
368,"""Zoila""","""Dibbert""","""ilarson@example.org""","""588.382.5889x234""","0000-00-00 00:00:00","2021-01-18 12:59:00",0,,,,,,,"1967-01-18 00:00:00"
369,"""Ivory""","""Leannon""","""oral.sawayn@example.net""","""917-693-6928x92146""","0000-00-00 00:00:00","2021-01-18 12:59:00",0,,,,,,,"1990-01-18 00:00:00"
370,"""Sigurd""","""Schiller""","""jaren98@example.com""","""930-861-3770x913""","0000-00-00 00:00:00","2021-01-18 12:59:00",0,,,,,,,"1927-01-18 00:00:00"
371,"""Lawrence""","""Hackett""","""simonis.robbie@example.org""","""(546)430-0823x386""","0000-00-00 00:00:00","2021-01-18 12:59:00",0,,,,,,,"1944-01-18 00:00:00"
372,"""Philip""","""O'Reilly""","""bergnaum.agnes@example.net""","""1-629-887-3081""","0000-00-00 00:00:00","2021-01-18 12:59:00",0,,,,,,,"2016-01-18 00:00:00"
373,"""Melba""","""Zemlak""","""armani.wiza@example.net""","""662.623.0976x890""","0000-00-00 00:00:00","2021-01-18 12:59:00",0,,,,,,,"1928-01-18 00:00:00"
374,"""Linnie""","""Funk""","""labadie.annamae@example.org""","""1-300-958-8786x499""","0000-00-00 00:00:00","2021-01-18 12:59:00",0,,,,,,,"1970-01-18 00:00:00"
375,"""Bernadine""","""Ankunding""","""obailey@example.net""","""141-330-5210""","0000-00-00 00:00:00","2021-01-18 12:59:00",0,,,,,,,"1946-01-18 00:00:00"
376,"""Kirk""","""Kulas""","""jkovacek@example.org""","""(648)466-4792x261""","0000-00-00 00:00:00","2021-01-18 12:59:00",0,,,,,,,"1998-01-18 00:00:00"
377,"""Lolita""","""King""","""hyatt.hulda@example.com""","""(603)378-7772x274""","0000-00-00 00:00:00","2021-01-18 12:59:00",0,,,,,,,"1931-01-18 00:00:00"
378,"""Haley""","""Schmitt""","""lrodriguez@example.com""","""513-013-4423x22975""","0000-00-00 00:00:00","2021-01-18 12:59:00",0,,,,,,,"1939-01-18 00:00:00"
379,"""Sabrina""","""O'Connell""","""hermann51@example.org""","""(916)622-0739x0840""","0000-00-00 00:00:00","2021-01-18 12:59:00",0,,,,,,,"1983-01-18 00:00:00"
380,"""Adaline""","""Cartwright""","""gkessler@example.com""","""697-502-9876""","0000-00-00 00:00:00","2021-01-18 12:59:00",0,,,,,,,"1976-01-18 00:00:00"
381,"""Roscoe""","""Franecki""","""oledner@example.com""","""1-125-016-7205""","0000-00-00 00:00:00","2021-01-18 12:59:00",0,,,,,,,"2010-01-18 00:00:00"
382,"""Mandy""","""Stanton""","""rempel.jessie@example.org""","""(071)081-6193x726""","0000-00-00 00:00:00","2021-01-18 12:59:00",0,,,,,,,"2001-01-18 00:00:00"
383,"""Zoey""","""Batz""","""sam36@example.org""","""839-612-9328""","0000-00-00 00:00:00","2021-01-18 12:59:00",0,,,,,,,"1953-01-18 00:00:00"
384,"""Tristian""","""Schuppe""","""carmel.romaguera@example.org""","""(901)476-2665x958""","0000-00-00 00:00:00","2021-01-18 12:59:00",0,,,,,,,"1942-01-18 00:00:00"
385,"""Elbert""","""Kiehn""","""bonita.mcglynn@example.net""","""348-283-0525x0309""","0000-00-00 00:00:00","2021-01-18 12:59:00",0,,,,,,,"1929-01-18 00:00:00"
386,"""Charley""","""Witting""","""amelia66@example.com""","""063.739.3952""","0000-00-00 00:00:00","2021-01-18 12:59:00",0,,,,,,,"1997-01-18 00:00:00"
387,"""Catharine""","""Pacocha""","""yasmin.witting@example.net""","""035-044-2608""","0000-00-00 00:00:00","2021-01-18 12:59:00",0,,,,,,,"1980-01-18 00:00:00"
388,"""Silas""","""Mueller""","""angus.hackett@example.net""","""(429)895-1486x658""","0000-00-00 00:00:00","2021-01-18 12:59:00",0,,,,,,,"1987-01-18 00:00:00"
389,"""Damion""","""Ryan""","""arianna54@example.org""","""757.568.3839x67180""","0000-00-00 00:00:00","2021-01-18 12:59:00",0,,,,,,,"1973-01-18 00:00:00"
390,"""Darron""","""Auer""","""effertz.alphonso@example.net""","""231-360-9754""","0000-00-00 00:00:00","2021-01-18 12:59:00",0,,,,,,,"1983-01-18 00:00:00"
391,"""Carleton""","""Frami""","""nsimonis@example.net""","""(324)762-8676x227""","0000-00-00 00:00:00","2021-01-18 12:59:00",0,,,,,,,"1977-01-18 00:00:00"
392,"""Skye""","""Weimann""","""vonrueden.celia@example.com""","""1-081-798-3105x9059","0000-00-00 00:00:00","2021-01-18 12:59:00",0,,,,,,,"2016-01-18 00:00:00"
393,"""Madison""","""Quitzon""","""leanne.klocko@example.org""","""423-262-3410""","0000-00-00 00:00:00","2021-01-18 12:59:00",0,,,,,,,"1925-01-18 00:00:00"
394,"""Geo""","""Renner""","""marquardt.madie@example.com""","""570-669-0997""","0000-00-00 00:00:00","2021-01-18 12:59:00",0,,,,,,,"1959-01-18 00:00:00"
395,"""Sydnie""","""Hoeger""","""dbergstrom@example.net""","""(260)221-7235""","0000-00-00 00:00:00","2021-01-18 12:59:00",0,,,,,,,"1998-01-18 00:00:00"
396,"""Shemar""","""Quigley""","""tia.kshlerin@example.com""","""1-675-358-7193x684""","0000-00-00 00:00:00","2021-01-18 12:59:00",0,,,,,,,"1991-01-18 00:00:00"
397,"""Estell""","""Marvin""","""miles09@example.org""","""(504)606-4013x314""","0000-00-00 00:00:00","2021-01-18 12:59:00",0,,,,,,,"1940-01-18 00:00:00"
398,"""Darrell""","""Wilderman""","""johnston.erick@example.org""","""+25(9)1628430703""","0000-00-00 00:00:00","2021-01-18 12:59:00",0,,,,,,,"2005-01-18 00:00:00"
399,"""Rene""","""Rosenbaum""","""dzemlak@example.com""","""1-898-297-4300x1017","0000-00-00 00:00:00","2021-01-18 12:59:00",0,,,,,,,"1986-01-18 00:00:00"
400,"""Fleta""","""Veum""","""mayra42@example.org""","""02360165623""","0000-00-00 00:00:00","2021-01-18 12:59:00",0,,,,,,,"1992-01-18 00:00:00"
401,"""Nikki""","""Tremblay""","""joyce.johnston@example.com""","""1-368-819-4587x050""","0000-00-00 00:00:00","2021-01-18 12:59:00",0,,,,,,,"1982-01-18 00:00:00"
402,"""Furman""","""Kiehn""","""amir.schulist@example.net""","""623.352.8406""","0000-00-00 00:00:00","2021-01-18 12:59:00",0,,,,,,,"2012-01-18 00:00:00"
403,"""Esta""","""Cruickshank""","""lwolff@example.com""","""08618637179""","0000-00-00 00:00:00","2021-01-18 12:59:00",0,,,,,,,"1993-01-18 00:00:00"
404,"""Mathias""","""Huels""","""opadberg@example.net""","""(431)277-8339x2408""","0000-00-00 00:00:00","2021-01-18 12:59:00",0,,,,,,,"2009-01-18 00:00:00"
405,"""Haylie""","""Veum""","""lucio89@example.net""","""713-592-5488x3727""","0000-00-00 00:00:00","2021-01-18 12:59:00",0,,,,,,,"1946-01-18 00:00:00"
